sample,signature,gene,detected
GSM9850794,myCAF,Acta2,True
GSM9850794,myCAF,Tagln,True
GSM9850794,myCAF,Igfbp3,True
GSM9850794,myCAF,Thy1,True
GSM9850794,myCAF,Col12a1,True
GSM9850794,myCAF,Thbs2,True
GSM9850794,iCAF,Clec3b,True
GSM9850794,iCAF,Il6,True
GSM9850794,iCAF,Cxcl1,True
GSM9850794,iCAF,Ly6c1,True
GSM9850794,iCAF,Has1,True
GSM9850794,iCAF,Col14a1,True
GSM9850794,apCAF,H2-Aa,True
GSM9850794,apCAF,H2-Ab1,True
GSM9850794,apCAF,Cd74,True
GSM9850794,apCAF,Saa3,True
GSM9850794,apCAF,Slpi,True
GSM9850794,SASP,Il6,True
GSM9850794,SASP,Cxcl1,True
GSM9850794,SASP,Cxcl2,True
GSM9850794,SASP,Cxcl3,True
GSM9850794,SASP,Ccl2,True
GSM9850794,SASP,Mmp1a,True
GSM9850794,SASP,Mmp3,True
GSM9850794,SASP,Serpine1,True
GSM9850794,SASP,Vegfa,True
GSM9850794,SASP,Igfbp2,True
GSM9850794,SASP,Igfbp7,True
GSM9850794,SASP,Plau,True
GSM9850794,SASP,Csf2,True
GSM9850794,SASP,Hgf,True
GSM9850794,matrisome_core,Col1a1,True
GSM9850794,matrisome_core,Col1a2,True
GSM9850794,matrisome_core,Col3a1,True
GSM9850794,matrisome_core,Col5a1,True
GSM9850794,matrisome_core,Col5a2,True
GSM9850794,matrisome_core,Col6a1,True
GSM9850794,matrisome_core,Col6a2,True
GSM9850794,matrisome_core,Col6a3,True
GSM9850794,matrisome_core,Fn1,True
GSM9850794,matrisome_core,Postn,True
GSM9850794,matrisome_core,Tnc,True
GSM9850794,matrisome_core,Sparc,True
GSM9850794,matrisome_core,Thbs1,True
GSM9850794,matrisome_core,Thbs2,True
GSM9850794,matrisome_core,Dcn,True
GSM9850794,matrisome_core,Lum,True
GSM9850794,matrisome_core,Bgn,True
GSM9850794,matrisome_core,Vcan,True
GSM9850794,matrisome_core,Hspg2,True
GSM9850794,MAPK_targets,Dusp4,True
GSM9850794,MAPK_targets,Dusp6,True
GSM9850794,MAPK_targets,Spry2,True
GSM9850794,MAPK_targets,Spry4,True
GSM9850794,MAPK_targets,Etv1,True
GSM9850794,MAPK_targets,Etv4,True
GSM9850794,MAPK_targets,Etv5,True
GSM9850794,MAPK_targets,Fosl1,True
GSM9850794,MAPK_targets,Ccnd1,True
GSM9850794,RASON_inhibition_PD,Dusp6,True
GSM9850794,RASON_inhibition_PD,Spry2,True
GSM9850794,RASON_inhibition_PD,Spry4,True
GSM9850794,RASON_inhibition_PD,Etv4,True
GSM9850794,RASON_inhibition_PD,Etv5,True
GSM9850794,RASON_inhibition_PD,Fosl1,True
GSM9850794,RASON_inhibition_PD,Ccnd1,True
GSM9850795,myCAF,Acta2,True
GSM9850795,myCAF,Tagln,True
GSM9850795,myCAF,Igfbp3,True
GSM9850795,myCAF,Thy1,True
GSM9850795,myCAF,Col12a1,True
GSM9850795,myCAF,Thbs2,True
GSM9850795,iCAF,Clec3b,True
GSM9850795,iCAF,Il6,True
GSM9850795,iCAF,Cxcl1,True
GSM9850795,iCAF,Ly6c1,True
GSM9850795,iCAF,Has1,True
GSM9850795,iCAF,Col14a1,True
GSM9850795,apCAF,H2-Aa,True
GSM9850795,apCAF,H2-Ab1,True
GSM9850795,apCAF,Cd74,True
GSM9850795,apCAF,Saa3,True
GSM9850795,apCAF,Slpi,True
GSM9850795,SASP,Il6,True
GSM9850795,SASP,Cxcl1,True
GSM9850795,SASP,Cxcl2,True
GSM9850795,SASP,Cxcl3,True
GSM9850795,SASP,Ccl2,True
GSM9850795,SASP,Mmp1a,True
GSM9850795,SASP,Mmp3,True
GSM9850795,SASP,Serpine1,True
GSM9850795,SASP,Vegfa,True
GSM9850795,SASP,Igfbp2,True
GSM9850795,SASP,Igfbp7,True
GSM9850795,SASP,Plau,True
GSM9850795,SASP,Csf2,True
GSM9850795,SASP,Hgf,True
GSM9850795,matrisome_core,Col1a1,True
GSM9850795,matrisome_core,Col1a2,True
GSM9850795,matrisome_core,Col3a1,True
GSM9850795,matrisome_core,Col5a1,True
GSM9850795,matrisome_core,Col5a2,True
GSM9850795,matrisome_core,Col6a1,True
GSM9850795,matrisome_core,Col6a2,True
GSM9850795,matrisome_core,Col6a3,True
GSM9850795,matrisome_core,Fn1,True
GSM9850795,matrisome_core,Postn,True
GSM9850795,matrisome_core,Tnc,True
GSM9850795,matrisome_core,Sparc,True
GSM9850795,matrisome_core,Thbs1,True
GSM9850795,matrisome_core,Thbs2,True
GSM9850795,matrisome_core,Dcn,True
GSM9850795,matrisome_core,Lum,True
GSM9850795,matrisome_core,Bgn,True
GSM9850795,matrisome_core,Vcan,True
GSM9850795,matrisome_core,Hspg2,True
GSM9850795,MAPK_targets,Dusp4,True
GSM9850795,MAPK_targets,Dusp6,True
GSM9850795,MAPK_targets,Spry2,True
GSM9850795,MAPK_targets,Spry4,True
GSM9850795,MAPK_targets,Etv1,True
GSM9850795,MAPK_targets,Etv4,True
GSM9850795,MAPK_targets,Etv5,True
GSM9850795,MAPK_targets,Fosl1,True
GSM9850795,MAPK_targets,Ccnd1,True
GSM9850795,RASON_inhibition_PD,Dusp6,True
GSM9850795,RASON_inhibition_PD,Spry2,True
GSM9850795,RASON_inhibition_PD,Spry4,True
GSM9850795,RASON_inhibition_PD,Etv4,True
GSM9850795,RASON_inhibition_PD,Etv5,True
GSM9850795,RASON_inhibition_PD,Fosl1,True
GSM9850795,RASON_inhibition_PD,Ccnd1,True
GSM9850796,myCAF,Acta2,True
GSM9850796,myCAF,Tagln,True
GSM9850796,myCAF,Igfbp3,True
GSM9850796,myCAF,Thy1,True
GSM9850796,myCAF,Col12a1,True
GSM9850796,myCAF,Thbs2,True
GSM9850796,iCAF,Clec3b,True
GSM9850796,iCAF,Il6,True
GSM9850796,iCAF,Cxcl1,True
GSM9850796,iCAF,Ly6c1,True
GSM9850796,iCAF,Has1,True
GSM9850796,iCAF,Col14a1,True
GSM9850796,apCAF,H2-Aa,True
GSM9850796,apCAF,H2-Ab1,True
GSM9850796,apCAF,Cd74,True
GSM9850796,apCAF,Saa3,True
GSM9850796,apCAF,Slpi,True
GSM9850796,SASP,Il6,True
GSM9850796,SASP,Cxcl1,True
GSM9850796,SASP,Cxcl2,True
GSM9850796,SASP,Cxcl3,True
GSM9850796,SASP,Ccl2,True
GSM9850796,SASP,Mmp1a,True
GSM9850796,SASP,Mmp3,True
GSM9850796,SASP,Serpine1,True
GSM9850796,SASP,Vegfa,True
GSM9850796,SASP,Igfbp2,True
GSM9850796,SASP,Igfbp7,True
GSM9850796,SASP,Plau,True
GSM9850796,SASP,Csf2,True
GSM9850796,SASP,Hgf,True
GSM9850796,matrisome_core,Col1a1,True
GSM9850796,matrisome_core,Col1a2,True
GSM9850796,matrisome_core,Col3a1,True
GSM9850796,matrisome_core,Col5a1,True
GSM9850796,matrisome_core,Col5a2,True
GSM9850796,matrisome_core,Col6a1,True
GSM9850796,matrisome_core,Col6a2,True
GSM9850796,matrisome_core,Col6a3,True
GSM9850796,matrisome_core,Fn1,True
GSM9850796,matrisome_core,Postn,True
GSM9850796,matrisome_core,Tnc,True
GSM9850796,matrisome_core,Sparc,True
GSM9850796,matrisome_core,Thbs1,True
GSM9850796,matrisome_core,Thbs2,True
GSM9850796,matrisome_core,Dcn,True
GSM9850796,matrisome_core,Lum,True
GSM9850796,matrisome_core,Bgn,True
GSM9850796,matrisome_core,Vcan,True
GSM9850796,matrisome_core,Hspg2,True
GSM9850796,MAPK_targets,Dusp4,True
GSM9850796,MAPK_targets,Dusp6,True
GSM9850796,MAPK_targets,Spry2,True
GSM9850796,MAPK_targets,Spry4,True
GSM9850796,MAPK_targets,Etv1,True
GSM9850796,MAPK_targets,Etv4,True
GSM9850796,MAPK_targets,Etv5,True
GSM9850796,MAPK_targets,Fosl1,True
GSM9850796,MAPK_targets,Ccnd1,True
GSM9850796,RASON_inhibition_PD,Dusp6,True
GSM9850796,RASON_inhibition_PD,Spry2,True
GSM9850796,RASON_inhibition_PD,Spry4,True
GSM9850796,RASON_inhibition_PD,Etv4,True
GSM9850796,RASON_inhibition_PD,Etv5,True
GSM9850796,RASON_inhibition_PD,Fosl1,True
GSM9850796,RASON_inhibition_PD,Ccnd1,True
GSM9850797,myCAF,Acta2,True
GSM9850797,myCAF,Tagln,True
GSM9850797,myCAF,Igfbp3,True
GSM9850797,myCAF,Thy1,True
GSM9850797,myCAF,Col12a1,True
GSM9850797,myCAF,Thbs2,True
GSM9850797,iCAF,Clec3b,True
GSM9850797,iCAF,Il6,True
GSM9850797,iCAF,Cxcl1,True
GSM9850797,iCAF,Ly6c1,True
GSM9850797,iCAF,Has1,True
GSM9850797,iCAF,Col14a1,True
GSM9850797,apCAF,H2-Aa,True
GSM9850797,apCAF,H2-Ab1,True
GSM9850797,apCAF,Cd74,True
GSM9850797,apCAF,Saa3,True
GSM9850797,apCAF,Slpi,True
GSM9850797,SASP,Il6,True
GSM9850797,SASP,Cxcl1,True
GSM9850797,SASP,Cxcl2,True
GSM9850797,SASP,Cxcl3,True
GSM9850797,SASP,Ccl2,True
GSM9850797,SASP,Mmp1a,True
GSM9850797,SASP,Mmp3,True
GSM9850797,SASP,Serpine1,True
GSM9850797,SASP,Vegfa,True
GSM9850797,SASP,Igfbp2,True
GSM9850797,SASP,Igfbp7,True
GSM9850797,SASP,Plau,True
GSM9850797,SASP,Csf2,True
GSM9850797,SASP,Hgf,True
GSM9850797,matrisome_core,Col1a1,True
GSM9850797,matrisome_core,Col1a2,True
GSM9850797,matrisome_core,Col3a1,True
GSM9850797,matrisome_core,Col5a1,True
GSM9850797,matrisome_core,Col5a2,True
GSM9850797,matrisome_core,Col6a1,True
GSM9850797,matrisome_core,Col6a2,True
GSM9850797,matrisome_core,Col6a3,True
GSM9850797,matrisome_core,Fn1,True
GSM9850797,matrisome_core,Postn,True
GSM9850797,matrisome_core,Tnc,True
GSM9850797,matrisome_core,Sparc,True
GSM9850797,matrisome_core,Thbs1,True
GSM9850797,matrisome_core,Thbs2,True
GSM9850797,matrisome_core,Dcn,True
GSM9850797,matrisome_core,Lum,True
GSM9850797,matrisome_core,Bgn,True
GSM9850797,matrisome_core,Vcan,True
GSM9850797,matrisome_core,Hspg2,True
GSM9850797,MAPK_targets,Dusp4,True
GSM9850797,MAPK_targets,Dusp6,True
GSM9850797,MAPK_targets,Spry2,True
GSM9850797,MAPK_targets,Spry4,True
GSM9850797,MAPK_targets,Etv1,True
GSM9850797,MAPK_targets,Etv4,True
GSM9850797,MAPK_targets,Etv5,True
GSM9850797,MAPK_targets,Fosl1,True
GSM9850797,MAPK_targets,Ccnd1,True
GSM9850797,RASON_inhibition_PD,Dusp6,True
GSM9850797,RASON_inhibition_PD,Spry2,True
GSM9850797,RASON_inhibition_PD,Spry4,True
GSM9850797,RASON_inhibition_PD,Etv4,True
GSM9850797,RASON_inhibition_PD,Etv5,True
GSM9850797,RASON_inhibition_PD,Fosl1,True
GSM9850797,RASON_inhibition_PD,Ccnd1,True
GSM9850798,myCAF,Acta2,True
GSM9850798,myCAF,Tagln,True
GSM9850798,myCAF,Igfbp3,True
GSM9850798,myCAF,Thy1,True
GSM9850798,myCAF,Col12a1,True
GSM9850798,myCAF,Thbs2,True
GSM9850798,iCAF,Clec3b,True
GSM9850798,iCAF,Il6,True
GSM9850798,iCAF,Cxcl1,True
GSM9850798,iCAF,Ly6c1,True
GSM9850798,iCAF,Has1,True
GSM9850798,iCAF,Col14a1,True
GSM9850798,apCAF,H2-Aa,True
GSM9850798,apCAF,H2-Ab1,True
GSM9850798,apCAF,Cd74,True
GSM9850798,apCAF,Saa3,True
GSM9850798,apCAF,Slpi,True
GSM9850798,SASP,Il6,True
GSM9850798,SASP,Cxcl1,True
GSM9850798,SASP,Cxcl2,True
GSM9850798,SASP,Cxcl3,True
GSM9850798,SASP,Ccl2,True
GSM9850798,SASP,Mmp1a,True
GSM9850798,SASP,Mmp3,True
GSM9850798,SASP,Serpine1,True
GSM9850798,SASP,Vegfa,True
GSM9850798,SASP,Igfbp2,True
GSM9850798,SASP,Igfbp7,True
GSM9850798,SASP,Plau,True
GSM9850798,SASP,Csf2,True
GSM9850798,SASP,Hgf,True
GSM9850798,matrisome_core,Col1a1,True
GSM9850798,matrisome_core,Col1a2,True
GSM9850798,matrisome_core,Col3a1,True
GSM9850798,matrisome_core,Col5a1,True
GSM9850798,matrisome_core,Col5a2,True
GSM9850798,matrisome_core,Col6a1,True
GSM9850798,matrisome_core,Col6a2,True
GSM9850798,matrisome_core,Col6a3,True
GSM9850798,matrisome_core,Fn1,True
GSM9850798,matrisome_core,Postn,True
GSM9850798,matrisome_core,Tnc,True
GSM9850798,matrisome_core,Sparc,True
GSM9850798,matrisome_core,Thbs1,True
GSM9850798,matrisome_core,Thbs2,True
GSM9850798,matrisome_core,Dcn,True
GSM9850798,matrisome_core,Lum,True
GSM9850798,matrisome_core,Bgn,True
GSM9850798,matrisome_core,Vcan,True
GSM9850798,matrisome_core,Hspg2,True
GSM9850798,MAPK_targets,Dusp4,True
GSM9850798,MAPK_targets,Dusp6,True
GSM9850798,MAPK_targets,Spry2,True
GSM9850798,MAPK_targets,Spry4,True
GSM9850798,MAPK_targets,Etv1,True
GSM9850798,MAPK_targets,Etv4,True
GSM9850798,MAPK_targets,Etv5,True
GSM9850798,MAPK_targets,Fosl1,True
GSM9850798,MAPK_targets,Ccnd1,True
GSM9850798,RASON_inhibition_PD,Dusp6,True
GSM9850798,RASON_inhibition_PD,Spry2,True
GSM9850798,RASON_inhibition_PD,Spry4,True
GSM9850798,RASON_inhibition_PD,Etv4,True
GSM9850798,RASON_inhibition_PD,Etv5,True
GSM9850798,RASON_inhibition_PD,Fosl1,True
GSM9850798,RASON_inhibition_PD,Ccnd1,True
GSM9850799,myCAF,Acta2,True
GSM9850799,myCAF,Tagln,True
GSM9850799,myCAF,Igfbp3,True
GSM9850799,myCAF,Thy1,True
GSM9850799,myCAF,Col12a1,True
GSM9850799,myCAF,Thbs2,True
GSM9850799,iCAF,Clec3b,True
GSM9850799,iCAF,Il6,True
GSM9850799,iCAF,Cxcl1,True
GSM9850799,iCAF,Ly6c1,True
GSM9850799,iCAF,Has1,True
GSM9850799,iCAF,Col14a1,True
GSM9850799,apCAF,H2-Aa,True
GSM9850799,apCAF,H2-Ab1,True
GSM9850799,apCAF,Cd74,True
GSM9850799,apCAF,Saa3,True
GSM9850799,apCAF,Slpi,True
GSM9850799,SASP,Il6,True
GSM9850799,SASP,Cxcl1,True
GSM9850799,SASP,Cxcl2,True
GSM9850799,SASP,Cxcl3,True
GSM9850799,SASP,Ccl2,True
GSM9850799,SASP,Mmp1a,True
GSM9850799,SASP,Mmp3,True
GSM9850799,SASP,Serpine1,True
GSM9850799,SASP,Vegfa,True
GSM9850799,SASP,Igfbp2,True
GSM9850799,SASP,Igfbp7,True
GSM9850799,SASP,Plau,True
GSM9850799,SASP,Csf2,True
GSM9850799,SASP,Hgf,True
GSM9850799,matrisome_core,Col1a1,True
GSM9850799,matrisome_core,Col1a2,True
GSM9850799,matrisome_core,Col3a1,True
GSM9850799,matrisome_core,Col5a1,True
GSM9850799,matrisome_core,Col5a2,True
GSM9850799,matrisome_core,Col6a1,True
GSM9850799,matrisome_core,Col6a2,True
GSM9850799,matrisome_core,Col6a3,True
GSM9850799,matrisome_core,Fn1,True
GSM9850799,matrisome_core,Postn,True
GSM9850799,matrisome_core,Tnc,True
GSM9850799,matrisome_core,Sparc,True
GSM9850799,matrisome_core,Thbs1,True
GSM9850799,matrisome_core,Thbs2,True
GSM9850799,matrisome_core,Dcn,True
GSM9850799,matrisome_core,Lum,True
GSM9850799,matrisome_core,Bgn,True
GSM9850799,matrisome_core,Vcan,True
GSM9850799,matrisome_core,Hspg2,True
GSM9850799,MAPK_targets,Dusp4,True
GSM9850799,MAPK_targets,Dusp6,True
GSM9850799,MAPK_targets,Spry2,True
GSM9850799,MAPK_targets,Spry4,True
GSM9850799,MAPK_targets,Etv1,True
GSM9850799,MAPK_targets,Etv4,True
GSM9850799,MAPK_targets,Etv5,True
GSM9850799,MAPK_targets,Fosl1,True
GSM9850799,MAPK_targets,Ccnd1,True
GSM9850799,RASON_inhibition_PD,Dusp6,True
GSM9850799,RASON_inhibition_PD,Spry2,True
GSM9850799,RASON_inhibition_PD,Spry4,True
GSM9850799,RASON_inhibition_PD,Etv4,True
GSM9850799,RASON_inhibition_PD,Etv5,True
GSM9850799,RASON_inhibition_PD,Fosl1,True
GSM9850799,RASON_inhibition_PD,Ccnd1,True
GSM9850800,myCAF,Acta2,True
GSM9850800,myCAF,Tagln,True
GSM9850800,myCAF,Igfbp3,True
GSM9850800,myCAF,Thy1,True
GSM9850800,myCAF,Col12a1,True
GSM9850800,myCAF,Thbs2,True
GSM9850800,iCAF,Clec3b,True
GSM9850800,iCAF,Il6,True
GSM9850800,iCAF,Cxcl1,True
GSM9850800,iCAF,Ly6c1,True
GSM9850800,iCAF,Has1,True
GSM9850800,iCAF,Col14a1,True
GSM9850800,apCAF,H2-Aa,True
GSM9850800,apCAF,H2-Ab1,True
GSM9850800,apCAF,Cd74,True
GSM9850800,apCAF,Saa3,True
GSM9850800,apCAF,Slpi,True
GSM9850800,SASP,Il6,True
GSM9850800,SASP,Cxcl1,True
GSM9850800,SASP,Cxcl2,True
GSM9850800,SASP,Cxcl3,True
GSM9850800,SASP,Ccl2,True
GSM9850800,SASP,Mmp1a,True
GSM9850800,SASP,Mmp3,True
GSM9850800,SASP,Serpine1,True
GSM9850800,SASP,Vegfa,True
GSM9850800,SASP,Igfbp2,True
GSM9850800,SASP,Igfbp7,True
GSM9850800,SASP,Plau,True
GSM9850800,SASP,Csf2,True
GSM9850800,SASP,Hgf,True
GSM9850800,matrisome_core,Col1a1,True
GSM9850800,matrisome_core,Col1a2,True
GSM9850800,matrisome_core,Col3a1,True
GSM9850800,matrisome_core,Col5a1,True
GSM9850800,matrisome_core,Col5a2,True
GSM9850800,matrisome_core,Col6a1,True
GSM9850800,matrisome_core,Col6a2,True
GSM9850800,matrisome_core,Col6a3,True
GSM9850800,matrisome_core,Fn1,True
GSM9850800,matrisome_core,Postn,True
GSM9850800,matrisome_core,Tnc,True
GSM9850800,matrisome_core,Sparc,True
GSM9850800,matrisome_core,Thbs1,True
GSM9850800,matrisome_core,Thbs2,True
GSM9850800,matrisome_core,Dcn,True
GSM9850800,matrisome_core,Lum,True
GSM9850800,matrisome_core,Bgn,True
GSM9850800,matrisome_core,Vcan,True
GSM9850800,matrisome_core,Hspg2,True
GSM9850800,MAPK_targets,Dusp4,True
GSM9850800,MAPK_targets,Dusp6,True
GSM9850800,MAPK_targets,Spry2,True
GSM9850800,MAPK_targets,Spry4,True
GSM9850800,MAPK_targets,Etv1,True
GSM9850800,MAPK_targets,Etv4,True
GSM9850800,MAPK_targets,Etv5,True
GSM9850800,MAPK_targets,Fosl1,True
GSM9850800,MAPK_targets,Ccnd1,True
GSM9850800,RASON_inhibition_PD,Dusp6,True
GSM9850800,RASON_inhibition_PD,Spry2,True
GSM9850800,RASON_inhibition_PD,Spry4,True
GSM9850800,RASON_inhibition_PD,Etv4,True
GSM9850800,RASON_inhibition_PD,Etv5,True
GSM9850800,RASON_inhibition_PD,Fosl1,True
GSM9850800,RASON_inhibition_PD,Ccnd1,True
GSM9850801,myCAF,Acta2,True
GSM9850801,myCAF,Tagln,True
GSM9850801,myCAF,Igfbp3,True
GSM9850801,myCAF,Thy1,True
GSM9850801,myCAF,Col12a1,True
GSM9850801,myCAF,Thbs2,True
GSM9850801,iCAF,Clec3b,True
GSM9850801,iCAF,Il6,True
GSM9850801,iCAF,Cxcl1,True
GSM9850801,iCAF,Ly6c1,True
GSM9850801,iCAF,Has1,True
GSM9850801,iCAF,Col14a1,True
GSM9850801,apCAF,H2-Aa,True
GSM9850801,apCAF,H2-Ab1,True
GSM9850801,apCAF,Cd74,True
GSM9850801,apCAF,Saa3,True
GSM9850801,apCAF,Slpi,True
GSM9850801,SASP,Il6,True
GSM9850801,SASP,Cxcl1,True
GSM9850801,SASP,Cxcl2,True
GSM9850801,SASP,Cxcl3,True
GSM9850801,SASP,Ccl2,True
GSM9850801,SASP,Mmp1a,True
GSM9850801,SASP,Mmp3,True
GSM9850801,SASP,Serpine1,True
GSM9850801,SASP,Vegfa,True
GSM9850801,SASP,Igfbp2,True
GSM9850801,SASP,Igfbp7,True
GSM9850801,SASP,Plau,True
GSM9850801,SASP,Csf2,True
GSM9850801,SASP,Hgf,True
GSM9850801,matrisome_core,Col1a1,True
GSM9850801,matrisome_core,Col1a2,True
GSM9850801,matrisome_core,Col3a1,True
GSM9850801,matrisome_core,Col5a1,True
GSM9850801,matrisome_core,Col5a2,True
GSM9850801,matrisome_core,Col6a1,True
GSM9850801,matrisome_core,Col6a2,True
GSM9850801,matrisome_core,Col6a3,True
GSM9850801,matrisome_core,Fn1,True
GSM9850801,matrisome_core,Postn,True
GSM9850801,matrisome_core,Tnc,True
GSM9850801,matrisome_core,Sparc,True
GSM9850801,matrisome_core,Thbs1,True
GSM9850801,matrisome_core,Thbs2,True
GSM9850801,matrisome_core,Dcn,True
GSM9850801,matrisome_core,Lum,True
GSM9850801,matrisome_core,Bgn,True
GSM9850801,matrisome_core,Vcan,True
GSM9850801,matrisome_core,Hspg2,True
GSM9850801,MAPK_targets,Dusp4,True
GSM9850801,MAPK_targets,Dusp6,True
GSM9850801,MAPK_targets,Spry2,True
GSM9850801,MAPK_targets,Spry4,True
GSM9850801,MAPK_targets,Etv1,True
GSM9850801,MAPK_targets,Etv4,True
GSM9850801,MAPK_targets,Etv5,True
GSM9850801,MAPK_targets,Fosl1,True
GSM9850801,MAPK_targets,Ccnd1,True
GSM9850801,RASON_inhibition_PD,Dusp6,True
GSM9850801,RASON_inhibition_PD,Spry2,True
GSM9850801,RASON_inhibition_PD,Spry4,True
GSM9850801,RASON_inhibition_PD,Etv4,True
GSM9850801,RASON_inhibition_PD,Etv5,True
GSM9850801,RASON_inhibition_PD,Fosl1,True
GSM9850801,RASON_inhibition_PD,Ccnd1,True
GSM9850802,myCAF,Acta2,True
GSM9850802,myCAF,Tagln,True
GSM9850802,myCAF,Igfbp3,True
GSM9850802,myCAF,Thy1,True
GSM9850802,myCAF,Col12a1,True
GSM9850802,myCAF,Thbs2,True
GSM9850802,iCAF,Clec3b,True
GSM9850802,iCAF,Il6,True
GSM9850802,iCAF,Cxcl1,True
GSM9850802,iCAF,Ly6c1,True
GSM9850802,iCAF,Has1,True
GSM9850802,iCAF,Col14a1,True
GSM9850802,apCAF,H2-Aa,True
GSM9850802,apCAF,H2-Ab1,True
GSM9850802,apCAF,Cd74,True
GSM9850802,apCAF,Saa3,True
GSM9850802,apCAF,Slpi,True
GSM9850802,SASP,Il6,True
GSM9850802,SASP,Cxcl1,True
GSM9850802,SASP,Cxcl2,True
GSM9850802,SASP,Cxcl3,True
GSM9850802,SASP,Ccl2,True
GSM9850802,SASP,Mmp1a,True
GSM9850802,SASP,Mmp3,True
GSM9850802,SASP,Serpine1,True
GSM9850802,SASP,Vegfa,True
GSM9850802,SASP,Igfbp2,True
GSM9850802,SASP,Igfbp7,True
GSM9850802,SASP,Plau,True
GSM9850802,SASP,Csf2,True
GSM9850802,SASP,Hgf,True
GSM9850802,matrisome_core,Col1a1,True
GSM9850802,matrisome_core,Col1a2,True
GSM9850802,matrisome_core,Col3a1,True
GSM9850802,matrisome_core,Col5a1,True
GSM9850802,matrisome_core,Col5a2,True
GSM9850802,matrisome_core,Col6a1,True
GSM9850802,matrisome_core,Col6a2,True
GSM9850802,matrisome_core,Col6a3,True
GSM9850802,matrisome_core,Fn1,True
GSM9850802,matrisome_core,Postn,True
GSM9850802,matrisome_core,Tnc,True
GSM9850802,matrisome_core,Sparc,True
GSM9850802,matrisome_core,Thbs1,True
GSM9850802,matrisome_core,Thbs2,True
GSM9850802,matrisome_core,Dcn,True
GSM9850802,matrisome_core,Lum,True
GSM9850802,matrisome_core,Bgn,True
GSM9850802,matrisome_core,Vcan,True
GSM9850802,matrisome_core,Hspg2,True
GSM9850802,MAPK_targets,Dusp4,True
GSM9850802,MAPK_targets,Dusp6,True
GSM9850802,MAPK_targets,Spry2,True
GSM9850802,MAPK_targets,Spry4,True
GSM9850802,MAPK_targets,Etv1,True
GSM9850802,MAPK_targets,Etv4,True
GSM9850802,MAPK_targets,Etv5,True
GSM9850802,MAPK_targets,Fosl1,True
GSM9850802,MAPK_targets,Ccnd1,True
GSM9850802,RASON_inhibition_PD,Dusp6,True
GSM9850802,RASON_inhibition_PD,Spry2,True
GSM9850802,RASON_inhibition_PD,Spry4,True
GSM9850802,RASON_inhibition_PD,Etv4,True
GSM9850802,RASON_inhibition_PD,Etv5,True
GSM9850802,RASON_inhibition_PD,Fosl1,True
GSM9850802,RASON_inhibition_PD,Ccnd1,True
