gene,log2FC_trt_vs_veh,detected,model,signature,compartment
Acta2,-2.924,True,AAP01,myCAF,stroma(mouse)
Tagln,-2.664,True,AAP01,myCAF,stroma(mouse)
Igfbp3,-1.214,True,AAP01,myCAF,stroma(mouse)
Thy1,-0.795,True,AAP01,myCAF,stroma(mouse)
Col12a1,-2.419,True,AAP01,myCAF,stroma(mouse)
Thbs2,-1.136,True,AAP01,myCAF,stroma(mouse)
Clec3b,0.074,True,AAP01,iCAF,stroma(mouse)
Il6,1.1,True,AAP01,iCAF,stroma(mouse)
Cxcl1,1.744,True,AAP01,iCAF,stroma(mouse)
Ly6c1,-0.116,True,AAP01,iCAF,stroma(mouse)
Has1,-0.49,True,AAP01,iCAF,stroma(mouse)
Col14a1,-1.434,True,AAP01,iCAF,stroma(mouse)
H2-Aa,0.154,True,AAP01,apCAF,stroma(mouse)
H2-Ab1,0.419,True,AAP01,apCAF,stroma(mouse)
Cd74,0.042,True,AAP01,apCAF,stroma(mouse)
Saa3,2.914,True,AAP01,apCAF,stroma(mouse)
Slpi,1.225,True,AAP01,apCAF,stroma(mouse)
Il6,1.1,True,AAP01,SASP,stroma(mouse)
Cxcl1,1.744,True,AAP01,SASP,stroma(mouse)
Cxcl2,1.83,True,AAP01,SASP,stroma(mouse)
Cxcl3,0.975,True,AAP01,SASP,stroma(mouse)
Ccl2,0.909,True,AAP01,SASP,stroma(mouse)
Mmp1a,0.0,True,AAP01,SASP,stroma(mouse)
Mmp3,1.015,True,AAP01,SASP,stroma(mouse)
Serpine1,-2.291,True,AAP01,SASP,stroma(mouse)
Vegfa,-0.29,True,AAP01,SASP,stroma(mouse)
Igfbp2,-1.716,True,AAP01,SASP,stroma(mouse)
Igfbp7,-0.46,True,AAP01,SASP,stroma(mouse)
Plau,0.434,True,AAP01,SASP,stroma(mouse)
Csf2,0.0,True,AAP01,SASP,stroma(mouse)
Hgf,-0.602,True,AAP01,SASP,stroma(mouse)
Col1a1,-0.373,True,AAP01,matrisome_core,stroma(mouse)
Col1a2,-0.318,True,AAP01,matrisome_core,stroma(mouse)
Col3a1,0.456,True,AAP01,matrisome_core,stroma(mouse)
Col5a1,-1.389,True,AAP01,matrisome_core,stroma(mouse)
Col5a2,-0.858,True,AAP01,matrisome_core,stroma(mouse)
Col6a1,-0.603,True,AAP01,matrisome_core,stroma(mouse)
Col6a2,-0.503,True,AAP01,matrisome_core,stroma(mouse)
Col6a3,0.337,True,AAP01,matrisome_core,stroma(mouse)
Fn1,-0.087,True,AAP01,matrisome_core,stroma(mouse)
Postn,-1.376,True,AAP01,matrisome_core,stroma(mouse)
Tnc,-1.91,True,AAP01,matrisome_core,stroma(mouse)
Sparc,-0.317,True,AAP01,matrisome_core,stroma(mouse)
Thbs1,-1.301,True,AAP01,matrisome_core,stroma(mouse)
Thbs2,-1.136,True,AAP01,matrisome_core,stroma(mouse)
Dcn,0.207,True,AAP01,matrisome_core,stroma(mouse)
Lum,0.633,True,AAP01,matrisome_core,stroma(mouse)
Bgn,-0.805,True,AAP01,matrisome_core,stroma(mouse)
Vcan,-0.593,True,AAP01,matrisome_core,stroma(mouse)
Hspg2,-0.519,True,AAP01,matrisome_core,stroma(mouse)
Dusp4,-0.183,True,AAP01,MAPK_targets,stroma(mouse)
Dusp6,-0.313,True,AAP01,MAPK_targets,stroma(mouse)
Spry2,0.57,True,AAP01,MAPK_targets,stroma(mouse)
Spry4,-0.334,True,AAP01,MAPK_targets,stroma(mouse)
Etv1,-0.722,True,AAP01,MAPK_targets,stroma(mouse)
Etv4,-1.077,True,AAP01,MAPK_targets,stroma(mouse)
Etv5,-0.11,True,AAP01,MAPK_targets,stroma(mouse)
Fosl1,-0.827,True,AAP01,MAPK_targets,stroma(mouse)
Ccnd1,-0.641,True,AAP01,MAPK_targets,stroma(mouse)
Dusp6,-0.313,True,AAP01,RASON_inhibition_PD,stroma(mouse)
Spry2,0.57,True,AAP01,RASON_inhibition_PD,stroma(mouse)
Spry4,-0.334,True,AAP01,RASON_inhibition_PD,stroma(mouse)
Etv4,-1.077,True,AAP01,RASON_inhibition_PD,stroma(mouse)
Etv5,-0.11,True,AAP01,RASON_inhibition_PD,stroma(mouse)
Fosl1,-0.827,True,AAP01,RASON_inhibition_PD,stroma(mouse)
Ccnd1,-0.641,True,AAP01,RASON_inhibition_PD,stroma(mouse)
DUSP4,-2.089,True,AAP01,MAPK_targets,tumor(human)
DUSP6,-0.494,True,AAP01,MAPK_targets,tumor(human)
SPRY2,-0.334,True,AAP01,MAPK_targets,tumor(human)
SPRY4,-1.409,True,AAP01,MAPK_targets,tumor(human)
ETV1,-0.418,True,AAP01,MAPK_targets,tumor(human)
ETV4,-0.944,True,AAP01,MAPK_targets,tumor(human)
ETV5,-0.355,True,AAP01,MAPK_targets,tumor(human)
FOSL1,-2.776,True,AAP01,MAPK_targets,tumor(human)
CCND1,-1.078,True,AAP01,MAPK_targets,tumor(human)
DUSP6,-0.494,True,AAP01,RASON_inhibition_PD,tumor(human)
SPRY2,-0.334,True,AAP01,RASON_inhibition_PD,tumor(human)
SPRY4,-1.409,True,AAP01,RASON_inhibition_PD,tumor(human)
ETV4,-0.944,True,AAP01,RASON_inhibition_PD,tumor(human)
ETV5,-0.355,True,AAP01,RASON_inhibition_PD,tumor(human)
FOSL1,-2.776,True,AAP01,RASON_inhibition_PD,tumor(human)
CCND1,-1.078,True,AAP01,RASON_inhibition_PD,tumor(human)
Acta2,-0.013,True,AAP16,myCAF,stroma(mouse)
Tagln,2.794,True,AAP16,myCAF,stroma(mouse)
Igfbp3,-0.576,True,AAP16,myCAF,stroma(mouse)
Thy1,1.955,True,AAP16,myCAF,stroma(mouse)
Col12a1,2.28,True,AAP16,myCAF,stroma(mouse)
Thbs2,-0.56,True,AAP16,myCAF,stroma(mouse)
Clec3b,1.811,True,AAP16,iCAF,stroma(mouse)
Il6,3.531,True,AAP16,iCAF,stroma(mouse)
Cxcl1,3.233,True,AAP16,iCAF,stroma(mouse)
Ly6c1,2.563,True,AAP16,iCAF,stroma(mouse)
Has1,0.64,True,AAP16,iCAF,stroma(mouse)
Col14a1,-1.359,True,AAP16,iCAF,stroma(mouse)
H2-Aa,-0.669,True,AAP16,apCAF,stroma(mouse)
H2-Ab1,-1.026,True,AAP16,apCAF,stroma(mouse)
Cd74,-0.727,True,AAP16,apCAF,stroma(mouse)
Saa3,4.64,True,AAP16,apCAF,stroma(mouse)
Slpi,3.642,True,AAP16,apCAF,stroma(mouse)
Il6,3.531,True,AAP16,SASP,stroma(mouse)
Cxcl1,3.233,True,AAP16,SASP,stroma(mouse)
Cxcl2,6.912,True,AAP16,SASP,stroma(mouse)
Cxcl3,6.591,True,AAP16,SASP,stroma(mouse)
Ccl2,-0.549,True,AAP16,SASP,stroma(mouse)
Mmp1a,0.05,True,AAP16,SASP,stroma(mouse)
Mmp3,5.021,True,AAP16,SASP,stroma(mouse)
Serpine1,1.417,True,AAP16,SASP,stroma(mouse)
Vegfa,-0.32,True,AAP16,SASP,stroma(mouse)
Igfbp2,0.427,True,AAP16,SASP,stroma(mouse)
Igfbp7,1.203,True,AAP16,SASP,stroma(mouse)
Plau,1.104,True,AAP16,SASP,stroma(mouse)
Csf2,0.173,True,AAP16,SASP,stroma(mouse)
Hgf,-1.147,True,AAP16,SASP,stroma(mouse)
Col1a1,0.006,True,AAP16,matrisome_core,stroma(mouse)
Col1a2,-0.099,True,AAP16,matrisome_core,stroma(mouse)
Col3a1,-0.285,True,AAP16,matrisome_core,stroma(mouse)
Col5a1,0.414,True,AAP16,matrisome_core,stroma(mouse)
Col5a2,0.139,True,AAP16,matrisome_core,stroma(mouse)
Col6a1,-0.225,True,AAP16,matrisome_core,stroma(mouse)
Col6a2,-0.023,True,AAP16,matrisome_core,stroma(mouse)
Col6a3,-1.353,True,AAP16,matrisome_core,stroma(mouse)
Fn1,-0.436,True,AAP16,matrisome_core,stroma(mouse)
Postn,0.698,True,AAP16,matrisome_core,stroma(mouse)
Tnc,2.93,True,AAP16,matrisome_core,stroma(mouse)
Sparc,0.435,True,AAP16,matrisome_core,stroma(mouse)
Thbs1,1.319,True,AAP16,matrisome_core,stroma(mouse)
Thbs2,-0.56,True,AAP16,matrisome_core,stroma(mouse)
Dcn,2.05,True,AAP16,matrisome_core,stroma(mouse)
Lum,3.728,True,AAP16,matrisome_core,stroma(mouse)
Bgn,0.475,True,AAP16,matrisome_core,stroma(mouse)
Vcan,-0.531,True,AAP16,matrisome_core,stroma(mouse)
Hspg2,-0.915,True,AAP16,matrisome_core,stroma(mouse)
Dusp4,-1.719,True,AAP16,MAPK_targets,stroma(mouse)
Dusp6,-1.062,True,AAP16,MAPK_targets,stroma(mouse)
Spry2,-0.425,True,AAP16,MAPK_targets,stroma(mouse)
Spry4,-1.352,True,AAP16,MAPK_targets,stroma(mouse)
Etv1,-0.637,True,AAP16,MAPK_targets,stroma(mouse)
Etv4,-1.161,True,AAP16,MAPK_targets,stroma(mouse)
Etv5,-1.458,True,AAP16,MAPK_targets,stroma(mouse)
Fosl1,-0.458,True,AAP16,MAPK_targets,stroma(mouse)
Ccnd1,-1.908,True,AAP16,MAPK_targets,stroma(mouse)
Dusp6,-1.062,True,AAP16,RASON_inhibition_PD,stroma(mouse)
Spry2,-0.425,True,AAP16,RASON_inhibition_PD,stroma(mouse)
Spry4,-1.352,True,AAP16,RASON_inhibition_PD,stroma(mouse)
Etv4,-1.161,True,AAP16,RASON_inhibition_PD,stroma(mouse)
Etv5,-1.458,True,AAP16,RASON_inhibition_PD,stroma(mouse)
Fosl1,-0.458,True,AAP16,RASON_inhibition_PD,stroma(mouse)
Ccnd1,-1.908,True,AAP16,RASON_inhibition_PD,stroma(mouse)
DUSP4,-0.955,True,AAP16,MAPK_targets,tumor(human)
DUSP6,0.413,True,AAP16,MAPK_targets,tumor(human)
SPRY2,0.684,True,AAP16,MAPK_targets,tumor(human)
SPRY4,-0.266,True,AAP16,MAPK_targets,tumor(human)
ETV1,-0.781,True,AAP16,MAPK_targets,tumor(human)
ETV4,-1.055,True,AAP16,MAPK_targets,tumor(human)
ETV5,0.212,True,AAP16,MAPK_targets,tumor(human)
FOSL1,0.0,True,AAP16,MAPK_targets,tumor(human)
CCND1,-2.454,True,AAP16,MAPK_targets,tumor(human)
DUSP6,0.413,True,AAP16,RASON_inhibition_PD,tumor(human)
SPRY2,0.684,True,AAP16,RASON_inhibition_PD,tumor(human)
SPRY4,-0.266,True,AAP16,RASON_inhibition_PD,tumor(human)
ETV4,-1.055,True,AAP16,RASON_inhibition_PD,tumor(human)
ETV5,0.212,True,AAP16,RASON_inhibition_PD,tumor(human)
FOSL1,0.0,True,AAP16,RASON_inhibition_PD,tumor(human)
CCND1,-2.454,True,AAP16,RASON_inhibition_PD,tumor(human)
