sample,treatment,pseudotime,pseudotime_rank,window,iCAF,myCAF,pc1_siggenes
GSM9850799,RMC6236,0.028514759417537228,74,W4,0.490696225071225,0.4621814656536878,4.098709113773264
GSM9850799,RMC6236,0.08528213042101934,81,W4,0.5174699271921495,0.4321877967711301,-0.6752050439990552
GSM9850799,RMC6236,0.16679774058246288,88,W4,0.5905720758151314,0.4237743352326685,3.063570622767866
GSM9850799,RMC6236,0.16764601139601143,89,W4,0.6631474556821779,0.4955014442861665,2.2045736323330476
GSM9850799,RMC6236,0.009232055238999615,70,W3,0.5898672443811332,0.5806351891421336,1.2161064602204121
GSM9850799,RMC6236,0.17229789886039898,91,W4,0.5582635921177589,0.3859656932573599,3.225164651079149
GSM9850799,RMC6236,0.19133576685660025,92,W4,0.7433795307059196,0.5520437638493193,2.568891596093168
GSM9850799,RMC6236,-0.16427765906932568,25,W2,0.5754441674580564,0.739721826527382,-1.2209724937456425
GSM9850799,RMC6236,-0.08005895853118072,43,W2,0.3825379867046534,0.4625969452358341,1.9167621084571524
GSM9850799,RMC6236,-0.09468482905982911,34,W2,0.4516634021842354,0.5463482312440645,2.08281792917736
GSM9850799,RMC6236,-0.018073361823361944,57,W3,0.6849724992086103,0.7030458610319722,-2.670494808417076
GSM9850799,RMC6236,0.009632696264640694,71,W4,0.496426380974992,0.4867936847103513,-0.911175720382635
GSM9850799,RMC6236,0.08877661047799934,83,W4,0.4947595164609052,0.4059829059829059,3.0861012975518505
GSM9850799,RMC6236,0.15857965337132007,86,W4,0.8177281180753403,0.6591484647040202,0.5887097318663421
GSM9850799,RMC6236,0.07384902263374488,79,W4,0.5521970955998733,0.4783480729661284,0.12722049322733878
GSM9850799,RMC6236,-0.1592226574865464,26,W2,0.4023622981956314,0.5615849556821778,-1.9436699228721448
GSM9850799,RMC6236,-0.026343383982272872,54,W3,0.5656062044950935,0.5919495884773663,-1.7220810137602112
GSM9850799,RMC6236,0.10004896723646728,84,W4,0.7849472736625515,0.6848983064260842,-3.9984514383357452
GSM9850799,RMC6236,-0.04350170148781263,53,W3,0.5994084362139918,0.6429101377018044,3.6029993280026176
GSM9850799,RMC6236,-0.09737308088002528,33,W2,0.6307449944602722,0.7281180753402975,2.1798638092104015
GSM9850799,RMC6236,0.08072916666666652,80,W4,0.6412135960747071,0.5604844294080406,0.9569139602610673
GSM9850799,RMC6236,0.0048101654004431005,68,W3,0.5529365503323836,0.5481263849319405,1.0040965549214569
GSM9850799,RMC6236,0.11651976495726502,85,W4,0.7663149928774929,0.6497952279202279,0.18465150210880066
GSM9850799,RMC6236,-0.3632775403608738,6,W1,0.4969506766381766,0.8602282169990504,-3.7338668528011607
GSM9850799,RMC6236,0.1713605967078191,90,W4,0.7404291310541312,0.5690685343463121,0.45286628581319566
GSM9850799,RMC6236,-0.0749421296296296,46,W2,0.4120963912630579,0.4870385208926875,2.4441066493267436
GSM9850799,RMC6236,-0.22177211934156382,19,W1,0.4881093700538145,0.7098814893953783,-0.29835881957691246
GSM9850799,RMC6236,-0.12989919673947453,29,W2,0.4613356679328901,0.5912348646723646,0.5509693207173035
GSM9850799,RMC6236,0.0,60,W3,0.4784989316239317,0.4784989316239317,2.0399668232343324
GSM9850799,RMC6236,-0.1483138453624565,28,W2,0.650462962962963,0.7987768083254195,-1.5696855875419296
GSM9850799,RMC6236,-0.07346816635011072,48,W3,0.4039055080721747,0.4773736744222854,1.5419634667305657
GSM9850799,RMC6236,0.0,67,W3,0.4916755698005697,0.4916755698005697,2.8391028162456515
GSM9850799,RMC6236,-0.07687361506805945,45,W2,0.4219640313390313,0.4988376464070908,0.8588718447105302
GSM9850799,RMC6236,-0.06407288698955366,50,W3,0.4862644428616651,0.5503373298512187,2.730529250156688
GSM9850799,RMC6236,0.05683167141500478,77,W4,0.4975021763216207,0.4406705049066159,3.565704974435886
GSM9850799,RMC6236,-0.0858830919594808,38,W2,0.3738425925925926,0.4597256845520734,2.236544298039104
GSM9850799,RMC6236,0.05352761949984164,76,W4,0.57525621240899,0.5217285929091484,2.12322919250931
GSM9850799,RMC6236,-0.24849388651471993,13,W1,0.4675357114593225,0.7160295979740424,0.20552316016365998
GSM9850799,RMC6236,0.07196205286483082,78,W4,0.4665786245647358,0.394616571699905,1.6817912364205225
GSM9850799,RMC6236,0.0,62,W3,0.4943613485280152,0.4943613485280152,3.745901316482611
GSM9850799,RMC6236,0.31045227920227925,93,W4,0.6704504985754985,0.3599982193732193,2.8738407849474563
GSM9850799,RMC6236,-0.07137345679012352,49,W3,0.5519176361190249,0.6232910929091484,1.7010571493837296
GSM9850799,RMC6236,-0.07872843463121237,44,W2,0.5187880856283634,0.5975165202595758,3.189695978352523
GSM9850799,RMC6236,0.1640303497942387,87,W4,0.6529162709718265,0.4888859211775878,2.0114184939296
GSM9850799,RMC6236,-0.023640293605571294,55,W3,0.595048373694207,0.6186886672997783,0.3078527140444508
GSM9850799,RMC6236,-0.020059255302310786,56,W3,0.5414984963596075,0.5615577516619182,-0.45265417495378074
GSM9850799,RMC6236,-0.0900230492244381,36,W2,0.3967236467236467,0.4867466959480848,2.5887929024511007
GSM9850799,RMC6236,0.010117422443811419,72,W4,0.4753828347578348,0.4652654123140234,1.535025741907697
GSM9850799,RMC6236,0.0074811055713834285,69,W3,0.5047977999366889,0.4973166943653055,1.575630792478005
GSM9850799,RMC6236,-0.22605551598607143,17,W1,0.5328031022475467,0.7588586182336181,-2.975675308842407
GSM9850799,RMC6236,-0.11679427825261168,31,W2,0.5580459599556821,0.6748402382082938,0.2004144890437082
GSM9850799,RMC6236,-0.2592295821462488,11,W1,0.6275695433681545,0.8867991255144033,-5.708351765771173
GSM9850799,RMC6236,-0.08278183364988922,39,W2,0.4564686213991769,0.5392504550490661,2.054434338319055
GSM9850800,Veh,0.37335292022792016,94,W4,0.8595060739157961,0.486153153687876,-0.9419356525429994
GSM9850800,Veh,-0.18457185818296917,21,W1,0.6774592434314658,0.862031101614435,0.15293984727448356
GSM9850800,Veh,-0.15335895457423243,27,W2,0.6730225150364039,0.8263814696106363,-8.725786255666575
GSM9850800,Veh,-0.009664846470401944,58,W3,0.4789861308958532,0.4886509773662551,0.7494260140399543
GSM9850800,Veh,-0.08262602880658443,40,W2,0.4823866334283,0.5650126622348844,-0.7839901324072436
GSM9850800,Veh,-0.2435056584362139,14,W1,0.3879837369420703,0.6314893953782842,1.3227507760081572
GSM9850800,Veh,-0.3436584955682177,8,W1,0.397940408357075,0.7415989039252927,-0.40796204207600245
GSM9850800,Veh,-0.2505292418486863,12,W1,0.4901768755935423,0.7407061174422286,-5.439342722986272
GSM9850800,Veh,-0.273699647831592,10,W1,0.4802770853118076,0.7539767331433996,-2.1781481683120507
GSM9850800,Veh,-0.3636880737575183,5,W1,0.4018429487179487,0.765531022475467,-0.23471274421549124
GSM9850800,Veh,-0.31431277698638804,9,W1,0.4707457858499524,0.7850585628363405,-8.797124294490288
GSM9850800,Veh,-0.1685115938588161,23,W1,0.4885297958214625,0.6570413896802786,-9.619136849831852
GSM9850800,Veh,-0.3735037788857235,4,W1,0.4161621557454891,0.7896659346312126,-7.997332705800517
GSM9850800,Veh,-0.1178725466919911,30,W2,0.4475209718265274,0.5653935185185185,-1.4317871608847403
GSM9850800,Veh,0.0,61,W3,0.4881439933523266,0.4881439933523266,2.5928057090335237
GSM9850800,Veh,0.0,63,W3,0.4933078110161443,0.4933078110161443,0.30407860086877897
GSM9850800,Veh,0.08694404874960432,82,W4,0.4815754590060145,0.3946314102564102,1.2748215633211035
GSM9850800,Veh,-0.10007369816397599,32,W2,0.4393597657486546,0.5394334639126306,0.8941016814093988
GSM9850800,Veh,0.0,64,W3,0.4917349240265906,0.4917349240265906,4.977064145130828
GSM9850800,Veh,-0.08258151313706857,41,W2,0.4807247150997151,0.5633062282367837,2.0547345054893533
GSM9850800,Veh,0.032085905349794275,75,W4,0.635889027382083,0.6038031220322887,3.101366302479214
GSM9850800,Veh,0.01567446185501742,73,W4,0.4754125118708451,0.4597380500158277,1.3612936385353382
GSM9850800,Veh,-0.07469234726179169,47,W2,0.4120518755935423,0.486744222855334,0.6711000224861261
GSM9850800,Veh,-0.09250850743906314,35,W2,0.5022999762583096,0.5948084836973727,-3.531924451173208
GSM9850800,Veh,-0.17178596866096874,22,W1,0.4563598053181386,0.6281457739791073,-1.1921569517717368
GSM9850800,Veh,-0.23857678458372905,15,W1,0.4233143399810066,0.6618911245647356,-0.7519378601719523
GSM9850800,Veh,-0.0876884496676163,37,W2,0.3961301044634377,0.483818554131054,-1.0818167409187474
GSM9850800,Veh,-0.2350105848369739,16,W1,0.393755935422602,0.6287665202595759,-0.6387107361598231
GSM9850800,Veh,0.0,66,W3,0.4897020417853751,0.4897020417853751,2.0065123136866907
GSM9850800,Veh,-0.060590772396328096,51,W3,0.4799283792339348,0.5405191516302629,0.18486185510645087
GSM9850800,Veh,-0.35119895536562196,7,W1,0.4735923156062045,0.8247912709718265,-2.9528601744922103
GSM9850800,Veh,-0.08082067109844887,42,W2,0.4583184947768281,0.539139165875277,2.631457612895619
GSM9850800,Veh,0.0,65,W3,0.4614197530864197,0.4614197530864197,0.5932747794304162
GSM9850800,Veh,-0.009390333175055388,59,W3,0.4735131766381766,0.482903509813232,1.034200881554683
GSM9850800,Veh,-0.1662041983222538,24,W2,0.4582715060145615,0.6244757043368153,2.1586119367357766
GSM9850800,Veh,-0.22188340851535293,18,W1,0.5693405745489079,0.7912239830642608,1.2338000343382551
GSM9850800,Veh,-0.3944335628363406,2,W1,0.4536764996834441,0.8481100625197847,-5.805718754689584
GSM9850800,Veh,-0.580301321620766,0,W1,0.3765135327635328,0.9568148543842988,-8.76757686861017
GSM9850800,Veh,-0.05475180041152272,52,W3,0.6513137068692624,0.7060655072807851,0.778171126101154
GSM9850800,Veh,-0.47568207898069015,1,W1,0.3451003086419753,0.8207823876226654,0.7250990936189987
GSM9850800,Veh,-0.21667507518201956,20,W1,0.547104997625831,0.7637800728078505,-2.6643349432113865
GSM9850800,Veh,-0.3809082185818297,3,W1,0.4499124525166192,0.8308206710984489,-6.139920089026328
