gene,otx_log2FC,reversed
ST18,0.0,0
ANTXR2,-0.40858466992490516,0
FGF5,-0.33401784407692703,0
LURAP1,-3.397450395775296,0
AMPD3,-2.6814056155430293,0
PAX2,-1.7084231219024222,0
RNF128,0.16083984315882427,1
ITGBL1,-2.8309738231107304,0
ABLIM3,-1.2168001727661997,0
CACNA1D,-3.013055949414607,0
SPRY2,-0.44125425944927965,0
MYEOV,-2.3369945396354326,0
FN1,-1.7584887644853335,0
PTX3,-1.0773973615674506,0
SDK1,-1.3076657310364368,0
SPARC,-2.3408031875085524,0
PKIA,0.44288829719608885,1
MFAP2,-2.869704487177367,0
LONRF2,-0.7448431076899018,0
WISP1,-0.35045683545562506,0
PDE5A,-3.045868279380209,0
CACNG7,-2.843546850047366,0
PLCH2,-3.8928319704291687,0
ELFN2,-3.532522363885116,0
CST1,-0.3334733269549396,0
PXDN,-4.070506325903718,0
UNC5C,-0.9150371153049845,0
LINC00261,-2.6474467332348013,0
TSPAN18,-2.8012382489820764,0
ENPP1,0.6244996124603723,1
FBXO32,-1.7247278936960817,0
SH3PXD2A,-1.6166487008845953,0
NTSR1,-1.6963418399292873,0
LTBP2,-2.0830936525268244,0
PPP1R9A,-1.4331602747606667,0
FILIP1L,-0.3182890635583391,0
CNIH3,-2.8821591305348626,0
CD24,-1.2601175549169827,0
TNFRSF11A,-0.3639329974697221,0
LRRC20,0.16985005987324797,1
DKK3,-1.9029825660290465,0
SOX21,-4.5925640160859,0
WNT7B,-2.2373413947390572,0
EPHB2,-0.07571391943151973,0
TNS4,-0.6671065818580759,0
TCEAL8,-0.5749721125862148,0
ADIRF,-2.454411550130932,0
LOC100126784,-1.5444779416037053,0
CACNG6,-1.7630392367244978,0
SUSD2,-1.9879339512111462,0
GUCY1A2,-2.767503760780843,0
C6orf132,-3.65256266750901,0
CACNG4,-1.8202548905262024,0
SSTR5-AS1,-1.8039133088372934,0
CXorf57,0.9448187595875122,1
H19,-3.2170601445564753,0
MAML2,-0.7604436496787583,0
FOXC2,-1.7208189120546544,0
THBD,-1.2220921601154981,0
SMIM14,-0.38731384396601776,0
CD55,-0.23569208035370703,0
ADAMTS15,-2.4089549356623134,0
SOCS3,-0.8849751039131171,0
PLEKHH2,-1.8076504301405736,0
TMEM158,-0.8101639674436187,0
ADAM19,-0.3225885664804249,0
RHBDL2,-2.050644155957385,0
ANPEP,-0.4758921356923711,0
ELOVL6,-2.365954926183057,0
TOX2,-1.7484128289073944,0
CAMK2N1,-1.6111874541179487,0
CYTH4,-3.665905128334516,0
COL13A1,-2.374301131047139,0
STAMBPL1,-1.237260347939535,0
TSHZ1,-0.7831943371186547,0
RGS4,-0.5474312275121819,0
PTGIS,-3.843575311865524,0
HIPK2,-1.2945366830934795,0
HDAC9,-2.087975217437129,0
MMP16,-1.1100723488355513,0
RASD2,-2.7780540752136305,0
AGR2,-3.5602130924043314,0
CACNA1G,-1.0852803040638017,0
STEAP1B,0.24777206011645259,1
SHISA2,0.9608935792573359,1
C10orf10,-1.8377687424949762,0
VAMP5,-0.5389417272738628,0
ITGA10,-0.4451375435766187,0
NCR3LG1,-0.2686710786180697,0
FHOD1,-0.22143424955111612,0
S100A16,-2.290362267943249,0
TRHDE-AS1,0.0,0
LINC00886,-1.4687938929531463,0
AREG,-0.00023840054430362967,0
ZMIZ1,-0.504224778207174,0
GRIN2A,-3.8313310298043226,0
DIO3,-4.946166416903973,0
SH2D5,-2.3943682119867047,0
TOR4A,-2.478100115818746,0
CREB3L1,-1.3107303353982225,0
LGR4,-0.9641078874277094,0
NPW,-1.0603623035100977,0
C20orf166-AS1,-1.5737016727238178,0
ANTXR1,-1.226290143826569,0
THY1,-0.6099871148099805,0
LOXL1,-1.434486729189147,0
ITGA2,-1.2456658697615843,0
FFAR4,0.19496140612784402,1
RARRES1,-2.0015301629682276,0
ZNF711,0.12377954649527112,1
AFAP1-AS1,-0.5623710761537053,0
GABRB1,0.0,0
CLDN10,-1.1648555256784343,0
MLPH,-1.8294232018790826,0
FAM109B,0.19479973741795797,1
FAM43A,-1.0454722948308781,0
MMP2,-2.2179929511024694,0
TLR6,-1.1192304420177042,0
MKRN3,-0.26608975074384844,0
DNM1,-0.07012717296696103,0
KDF1,-3.0080468910063534,0
CES1,-1.9384360293329541,0
MT1A,-0.864259810335871,0
CLMN,-0.6599089062861809,0
SMPDL3A,-1.0425914122310864,0
ARMCX3,0.43733940417284867,1
TRHDE,-0.3337144333782726,0
SCARA3,-2.8060154778341744,0
LIN28B,-0.41905193087785086,0
CCKAR,0.0,0
SNORA61,1.3446235150306887,1
CPA4,-1.5353157388041343,0
IL17RB,-1.186220765727815,0
STC2,-1.9094051462267538,0
TNC,-1.3912704230444508,0
NALCN,-1.3914235614265298,0
EFNA5,-1.5969378043884763,0
AGFG2,0.07917920814336021,1
PRKCG,-1.112146627750172,0
AQP7P1,-0.6668093941503658,0
TSC22D3,-2.2303250952348446,0
AKAP12,-0.8228624506790947,0
BMP6,-0.1512720585902363,0
NAV1,-0.9032537188838887,0
ASIC2,-1.6497027980721275,0
S100A13,-1.2675011668955838,0
GABRA4,0.35166083717533714,1
TRPM8,-2.6818262177339722,0
LINC01468,0.0,0
WDR66,0.512646711580695,1
PDLIM1,-0.911257478444691,0
HCN1,-0.057080657674456914,0
NID2,0.9995426597387579,1
CHDH,-1.140466614792711,0
LHFPL1,0.0,0
SPNS2,-1.0167413575626236,0
ARSI,-1.7414374785735713,0
SIPA1L2,1.1816370806674206,1
CIART,-2.028286136305092,0
NPR3,-0.8654895027961929,0
NPEPL1,-1.0996755358137396,0
KIAA1549L,-0.7142789968536807,0
AXL,-0.5869020489021892,0
ACOT12,-1.1955108395266625,0
GEM,-1.1738456596670694,0
SMIM3,-0.5632799236078601,0
GPRC5C,-1.7088342655700473,0
FRMPD3,-1.873476331822323,0
LOC100133091,-0.9744902649725535,0
FAM212B-AS1,-2.179448373425438,0
MGST2,-0.9801230152363543,0
EREG,-1.3906068400361864,0
JUN,-0.011741412539315377,0
DTX2P1-UPK3BP1-PMS2P11,-0.7110297020980498,0
ARMCX6,-0.07142319152275878,0
SFRP1,-0.6466929724566874,0
CCDC181,0.49520894989465924,1
FLVCR2,-1.7001875333065941,0
TRPA1,-1.1959593655690046,0
ATP6V0A4,-0.6691313670438749,0
FOXL1,-2.4589421706484775,0
NT5E,-0.19189295979733245,0
NKX6-2,-2.1630172190903942,0
SGK223,-1.0523876772350533,0
FGFBP3,-0.7382598180237001,0
KCNK6,-0.7635714181424795,0
ALPPL2,-0.8233875602941048,0
CACNG2,-0.6669518842568092,0
GRHL3,-3.606137949400715,0
ITPR1,1.1763158375898417,1
GRIN2D,-3.1570082628727247,0
ST3GAL1,-1.9192189502531143,0
FOXF2,-1.9382313319517879,0
SLC4A11,-1.7648330006530477,0
FADS2,-1.113407486374557,0
TSPAN13,-0.2569859445162912,0
NNT,0.006544607631520094,1
LOC286297,-0.6667485094625203,0
PLEKHG4,-1.9872868613290002,0
STK32B,-1.5901914311830039,0
IGSF1,0.08164496725086301,1
SMOX,-0.4910432312284403,0
CD22,-0.4713886930492879,0
TLR4,-0.3383596206948678,0
IGFBP1,0.0,0
RNF144B,-1.4321602950065222,0
TMSB15B,-1.2028624097294882,0
INHBA,0.19498789425493518,1
ALPP,-1.7182328671465124,0
LUZP4,0.0,0
ITGA3,-0.6933238418361736,0
TRIB2,-3.2186078129800437,0
LRRC61,-0.8938855072151322,0
HS3ST1,-0.1951520466377406,0
ASB2,-2.441450355527263,0
ADAMTS10,-1.7883304902626231,0
SFMBT2,-0.4177931775730723,0
MICAL2,-1.688295979642966,0
CYP2S1,-1.3576145058623794,0
CYP2B7P,0.33326476440619146,1
KCNMA1,-1.0516471134707288,0
LINC01123,-1.0956228204646203,0
SLC14A1,0.0,0
DNAJC22,-2.528417337035087,0
ST8SIA4,-0.8126761546457049,0
IGFBP6,-2.7546671228268154,0
CNTNAP3B,-0.7740083843009309,0
SUSD1,-0.23975714298547235,0
ASB4,0.07732733782991935,1
LOC101927919,-3.1080087391800313,0
CSF1,-1.6951304910916374,0
NPAS2,-1.4636898240899034,0
SH3PXD2B,-0.4476472927563382,0
CXCL6,-2.3222312768510833,0
CLU,-0.7439557815980091,0
KRT80,-3.145837798134842,0
TPPP3,-0.8697696509543027,0
LTBP3,-1.529022380190968,0
PAPPA,-1.4410489594173985,0
DRD1,-1.0568115512991072,0
PLAG1,0.28097455696465623,1
PRSS23,-0.7547272094060116,0
SLC6A15,0.0,0
CALHM2,-2.5278170312274106,0
TGFBI,-0.5346670550747703,0
MEGF6,-0.6989913212300873,0
ZNF785,-0.09601445183207957,0
SHH,-3.5073916972397847,0
SLCO4A1,-1.3538122609177918,0
LOC102724094,-2.958772643047134,0
LOXL1-AS1,-0.3911154607970393,0
PAQR8,-1.3732127024075318,0
LAYN,-1.0391458906715365,0
IFITM2,-2.2474900898027483,0
CCNYL2,-1.0837407262045233,0
CCDC88C,-1.0433358454583006,0
FANK1,-0.3686131359012643,0
PSD3,-0.1051485625721007,0
CYR61,0.4983907465538451,1
ZBED6CL,-0.8419479208273124,0
IRAK1,-1.4757124785056774,0
FGFRL1,-0.5393007639319247,0
TIMP1,-1.2422856070384558,0
GPRC5A,-1.1348754183320455,0
PLAUR,-1.0281461547450101,0
RAB17,-1.7661665243271387,0
TMEM132E,-1.8398681003781814,0
SEMA4B,-0.922305142813606,0
ABTB2,-0.479789634903101,0
LTBP1,-1.4510666096434663,0
TMEM25,-0.40806541749294034,0
CTNNA2,-0.8435591304484594,0
IGFBP3,-3.02935410387282,0
KRT8,-1.2571716751962736,0
FAAP100,-0.6797966330980394,0
TRNP1,-0.8161583800725491,0
KLHL13,-1.2837485235921187,0
C8orf46,-2.4768117445766458,0
C16orf45,-0.6913521497565451,0
KIFC3,-1.733249745173361,0
SPRY1,-1.402499660483162,0
EEPD1,-0.4363563303869622,0
NHSL1,-0.9513148031939691,0
STAC,-0.6833217473972386,0
ANK1,-1.6289851900640082,0
ITPRIP,-0.8953680918400977,0
ACOX2,-2.7337195111668224,0
GAB2,-0.703906543977256,0
GJB2,-4.733514550879783,0
B3GNT7,-3.4576570318938042,0
FUZ,0.32292768567331187,1
GNA15,-1.828418321767546,0
TNFRSF21,-0.08930401018455214,0
HTR1D,-0.6442294020944557,0
TBC1D8B,-0.5999713900945389,0
KRT81,-2.5027549623966756,0
CACNG8,-1.7963853300797004,0
PRKG2,0.10651773020869282,1
SYTL5,-2.0073342112163717,0
ZNF772,-0.8110384216443238,0
TBC1D4,0.028106042659525876,1
ANKH,-0.08926101894163896,0
SP2-AS1,-1.0566106685014556,0
TMEM51-AS1,-2.7392702497841044,0
RASGRF2,-2.0160786953962964,0
SLC20A1,-0.7817123264044454,0
RAB42,-0.9300992909625427,0
CITED4,-0.9061503541565745,0
PLXNA2,-1.6303337064990089,0
TNIK,-0.26891325667205557,0
KLF12,-0.929663556033602,0
KMO,-2.8639426576552798,0
NLGN1,0.6093265070516853,1
BEGAIN,-2.304849309235526,0
IL6R,-0.5791143582829728,0
DNER,-1.0099193208179855,0
TMEM246,-0.42698199051070596,0
TSPAN5,-0.1492512592020816,0
P3H2,-0.3916667597467356,0
PAPL,-5.263038281495426,0
NGFRAP1,-0.057677921779214714,0
ZFPM2-AS1,0.614819911259681,1
HAS3,-1.6323968326970553,0
EFNB2,1.6845155496928887,1
DENND2D,-2.5659905924730126,0
LOXL4,-1.2776945123521055,0
SYN3,0.0,0
IGDCC4,-2.602910893883676,0
ITGB5,0.20367573118909554,1
PHF19,-1.209062297853805,0
MAML3,-0.4000948531509465,0
GALNT18,0.19114030771315793,1
ALDH1A3,-0.8368637865622439,0
FOXA2,-1.3835038262070825,0
PLIN4,-1.8759354670682353,0
CNTNAP3,-0.8021949949184854,0
KRT19,-2.0955686571078225,0
EML6,-0.3434761578632797,0
MXD1,0.7935230191703999,1
ARHGAP18,-0.296183066733434,0
DOCK4,0.5419797933298458,1
ZNF843,0.08357881078389706,1
TEAD2,-0.4183198249167486,0
KCNE3,-0.666915318763726,0
HSPG2,-0.7203252305509054,0
OSR1,-1.0253897429768521,0
IL27RA,-0.731595248659163,0
DUSP1,-0.25950282440775396,0
PHC2,-0.3043562746329105,0
SLA,0.0,0
SLC1A7,-0.34369369618769235,0
ARHGEF6,-1.5956900983399684,0
INHBB,-2.7689945212694904,0
LXN,-3.2587956813045,0
SCNN1A,-0.9710685651462088,0
SGIP1,-0.33830870345983405,0
RET,-2.01517813988285,0
ADAMTS1,-0.333872107654126,0
STX1A,-0.18385465219383335,0
CYP1A1,-1.6054568575385262,0
AQP7P3,-0.7718635933002083,0
TIAM1,-2.44448116607145,0
AFAP1L2,-0.475221896999674,0
TSPAN15,-1.2692146889249312,0
HDAC7,-1.348981373940262,0
KCNQ5,-2.636978505843583,0
SCUBE3,-1.856253556004615,0
EYA1,-0.972357869684761,0
MSX1,-0.6436478893402171,0
LAMA4,-1.3108512217920287,0
SOGA3,-3.19913755921689,0
ZNF496,-0.42124779663550793,0
RRAD,-1.4864680739344145,0
PTGER4,-0.6624522277132057,0
TPCN1,-0.07875522081051223,0
SOBP,-0.22897198516310446,0
SORL1,-1.2635798777229468,0
PNPO,-0.5070883187387825,0
KIRREL,-0.8721458240618372,0
WNT5A,-1.8090584328399353,0
CYP4V2,-1.3979993649746043,0
ENG,-2.337435621723974,0
STEAP2,-0.9946551128289087,0
ZNF747,-0.8339687981143573,0
TSPAN1,-4.2261126075981315,0
DHRS3,-1.333417225922033,0
DKK1,-4.731660567442531,0
FAM95B1,-0.8988871119672956,0
ERGIC1,-0.7920210605213569,0
PLEKHG6,-1.6032785870745825,0
RAP2B,0.08217045745955076,1
TRIM46,-2.164064477347994,0
PON3,-1.6668171414370108,0
HAS2,-3.9099929179704658,0
MEST,-1.043676063888591,0
WLS,-1.6083144737878516,0
DACT2,-2.8474540302981874,0
P3H3,-0.7265860884152202,0
PRRT3,-0.1355569313632179,0
ARMCX1,-0.22023952046451445,0
MOCS1,-1.490411700318325,0
STMN3,-2.7376472301972603,0
DCBLD1,0.33112589832935946,1
FAM198B,-3.1978083354779647,0
CAMK1D,-2.2957830475583236,0
ZNF561-AS1,0.011287182415861352,1
TGFBR2,-1.0356733433592815,0
WSCD1,-0.02112624634146698,0
GJA1,-1.4231502338567372,0
HMGA2,-1.0919824022869573,0
PRUNE2,-2.192828071411631,0
PITPNC1,-0.6043351708392724,0
PRKCDBP,-0.8428301198620618,0
CACNA2D1,-0.6608153104820271,0
C3orf52,-0.4110772989944831,0
CDK15,-1.6340377522373801,0
EFCAB2,0.34993171707927573,1
RGS17,-1.167639947050855,0
FERMT1,-1.6802046881663597,0
ISL2,-0.6670358549618757,0
FAM46C,0.5718088154529877,1
SPRY4,-0.3615945313920452,0
STRA6,-1.930236878141461,0
FLI1,-3.095352259618799,0
TNFRSF10D,0.19024957003368037,1
SPATA31A7,0.0,0
PLA2G7,0.0,0
MALL,-1.1439291312336533,0
PGF,-0.7258155134705744,0
URAHP,-1.1399585377212436,0
TCEAL3,-0.39081437542976705,0
TM4SF18,-3.658462722193918,0
SH2D2A,-2.000856858809107,0
IGFBP4,-0.8947542219986566,0
EPAS1,0.024004191557562393,1
CPNE4,0.0,0
ZMYND12,0.8633677540287783,1
GAMT,-0.37817062232408816,0
LMTK3,-0.9245573561464546,0
KAZALD1,-2.0564034539928926,0
SSFA2,-0.03260998772798196,0
RAB27B,-1.946728479577652,0
ABLIM1,-0.8948553633918586,0
DUSP6,-1.3821210271012987,0
UBASH3B,-1.5493527442235377,0
FOSL1,-0.57741129894662,0
ADGRF5,0.0,0
PDE6B,-0.9620516875673832,0
NRROS,-2.5014389905564194,0
CACNA2D4,0.0,0
CTHRC1,-1.7023861242641103,0
CD59,-0.33412343250095944,0
LRRC56,-0.5740183931790641,0
DENND3,-0.2916606202660281,0
NAV3,-3.3451220222046096,0
ITPKB,-3.73318662112363,0
GALNT1,0.49539230945604196,1
CTF1,-0.28910462976785745,0
KCNN4,-1.4573319546821475,0
MT1L,-1.0563546204519305,0
VSIG1,-0.5290529257624004,0
F12,-1.8696905828855543,0
GRK5,0.14390391733677887,1
SDR16C5,-1.969680952303421,0
GALNT16,-2.3125010905148637,0
FOXQ1,-1.6373410945293303,0
B3GALT1,0.6665086648392679,1
FRAT1,-0.7164966976944784,0
CEACAM6,0.0,0
CAMK2A,-1.823427279750466,0
PRR34-AS1,-1.433958812495547,0
SYT9,-1.3908593192806407,0
UGT8,-0.9700530094072868,0
CTGF,-0.13309364062461704,0
ZNF503-AS2,-1.3836368835627753,0
ZADH2,-0.4646016121591927,0
SYT17,-1.5685023769811632,0
DPF1,-1.1248959876601416,0
MAMLD1,-0.3192467068232965,0
CHMP4C,-0.7542492176711049,0
ARMCX4,-0.6987271839875033,0
NRIP3,0.5958128022871296,1
SPTSSB,0.0,0
PODN,0.0,0
LAMC2,-1.9164161517107976,0
DNMBP,-0.2169956429475004,0
CHST15,-0.3212324231142105,0
TM4SF1,-1.1152318940804715,0
ROR1,-0.640522455440351,0
TRIML2,-3.2185538695490346,0
CLEC2B,-3.121896944427655,0
RAPGEF3,-2.420268140946738,0
SPATA13,0.1725203627684202,1
LOC100129034,-0.6641069940143067,0
PEAR1,-2.558584221975632,0
CARD11,-0.8625237144843853,0
NRP2,-1.3416562279752133,0
PPP1R14A,-0.02760934312857799,0
AFF3,-1.6932967691264231,0
LAMB1,-1.379998047668808,0
ASPH,0.29164751689078017,1
EPS8,0.4218849152110504,1
ATE1-AS1,-0.6098509451906984,0
SFXN3,-0.281215006195918,0
F2,-0.8593239921351261,0
FZD7,-0.4585345882694174,0
MX2,-0.5567282311183952,0
NAV2,-1.0404952099454912,0
SPRED2,-0.11301894162822812,0
EOMES,-2.5551240419617205,0
SNHG24,-1.5193756343283829,0
BCAM,-0.7887383761825468,0
B3GNT3,-0.5285893563304142,0
CCNJL,-0.7043565661534803,0
PLEKHA7,-1.4244502955320502,0
KCNJ6,0.0,0
MORC2-AS1,0.33296077481698627,1
SHB,-0.2856518459978563,0
ELL2,0.04937069217384682,1
MIR31HG,-0.21768601254733078,0
TTN,1.8550177976501998,1
ZBTB20,-0.7070891445951104,0
KRT75,-0.8619175142637229,0
LMCD1,-0.2946441344121844,0
PRDM8,-1.6810581721433302,0
CAPN8,-0.24580248333154509,0
SVIL,-1.0375044522719001,0
ATG4A,0.24704619033769504,1
TRAM2,0.024749404045843804,1
PEG10,1.1921084050086286,1
DNAJA4,1.0749413701174282,1
HNF4G,-1.9058430471540762,0
SVIP,-0.2553739616002435,0
TFF3,-0.6667080929835173,0
CPED1,-0.5918507721615921,0
SLC9A5,-1.830484287189051,0
TGFB1,-0.005430438509579361,0
THEM6,0.03653756547498688,1
PREX1,-0.3989329197170921,0
CFAP58,-1.71218289178687,0
LOC254896,-2.4642804234846256,0
HEG1,-0.603087240051952,0
TSPY26P,-0.7639147023450068,0
CAT,-0.07547025803852137,0
KCNS3,-1.27716522748742,0
TGM2,-1.2152997028384664,0
SLC38A2,0.3662433931613087,1
EVA1C,-1.1377152347123078,0
NRIP1,-0.21734527712054152,0
COL22A1,-1.7918591263189023,0
SV2A,0.18892509547289515,1
PYGB,-0.02941482769210424,0
AHR,-0.12506856497257957,0
SLC35F3,-0.4129494030207752,0
PAQR5,-1.119895201564928,0
NNT-AS1,-1.072096088382315,0
ABCC3,-0.9919626655109868,0
DYNC1I1,-1.4581141732861123,0
CASP4,-1.6542596508662673,0
CD99L2,-0.5764958554110216,0
MPP1,0.23199755787732101,1
C10orf91,-3.1580052904172256,0
ETS2,-0.5926823939866619,0
STEAP3,-1.1153852922052323,0
ANKRD35,0.0,0
ME3,-0.8926710022902204,0
HAAO,-0.7231596628740369,0
RASL11A,-0.48716341773158156,0
S100A2,-2.5812734242482622,0
ELK3,-0.4529856682285107,0
CCDC68,-1.6390613954152813,0
IL1RL1,0.0,0
ADRB2,1.2213661360601518,1
LOC100507334,-0.5893327690278669,0
RGL1,0.09735817230641164,1
PRKCQ-AS1,-1.2323251284787777,0
PRTFDC1,-0.44302260453601816,0
COL6A3,-2.5167028514759435,0
ATOH8,-1.9244634713317703,0
PLB1,-1.1670716593815014,0
FAM86DP,-0.6960246462621509,0
CYP2B6,0.0,0
OPN3,-0.5014878693487939,0
PLCE1,-0.2342277885880062,0
SRPX2,-0.17124206644795814,0
NETO2,0.16237920125937677,1
DEAF1,-0.9154606667646199,0
TGFB1I1,-2.927900487192481,0
CDKN2AIP,0.15498980650765937,1
PLEKHA5,-0.6179434479157901,0
ZNF185,-1.873208517910732,0
EFEMP2,-1.3321961223372858,0
KIAA1462,-0.8776580206387585,0
PEX11B,-0.46411321937018,0
HOXB-AS3,-1.0903577889338303,0
EFHD2,-0.8291017934687517,0
CNTNAP3P2,-0.7584009141572361,0
FAM3C,0.06898470936718581,1
SUMO3,0.5930829432295965,1
TSC22D1,-0.2845733472404941,0
TCN2,-1.4417368597837812,0
BTBD11,-0.6213764425268207,0
SYNJ2,0.09655639067389998,1
WNT11,-2.000616177540185,0
GLIS1,-1.2520466480091592,0
COL23A1,-2.7424619553849467,0
BACH2,-0.0012196271015660898,0
ETV5,0.05498733966054559,1
FRMD5,-0.13987878492626926,0
SAMD13,-1.4645086702638976,0
SYT1,-1.4700311879954384,0
WWTR1,-0.3606912725949023,0
SMAD5-AS1,-0.47205337650326296,0
F2RL1,-2.1584569258792587,0
ARHGEF37,-1.187524674895057,0
HTR7,1.2444931001234532,1
RXFP4,-0.8618325641866198,0
B3GALNT1,-1.1739451588204384,0
IFFO2,-0.21479714688613072,0
CTSC,0.18310165229833153,1
MAST4,-0.20012765382918918,0
C15orf52,-2.7226063290631197,0
IL31RA,-1.8377681385135576,0
KRT18,-0.5954819066323296,0
LOC101927934,-2.695295391043076,0
MEX3A,-1.3665718941245206,0
MYH15,-1.8592082897916562,0
LIPH,0.2517027955208988,1
SPOCK2,-1.2851100792428491,0
KAT6B,-0.6728312423955849,0
BANK1,-0.9353135583941015,0
NCEH1,0.09813413181817232,1
PLAC8,-1.611018361677064,0
ODF3L2,-0.003277562330460171,0
GRB10,-0.9291216767320343,0
RNF208,-1.960805644290721,0
BATF3,-3.4956608303414116,0
SYT11,-1.2860783139326077,0
CUX2,-0.8622936725508634,0
NCKAP5,-0.49361046661667435,0
CERKL,-1.3454574953503626,0
SYNE1,-2.4065477126476207,0
LNP1,0.5885559899884019,1
SMIM10,-0.11513419794590085,0
PRDX2,-2.5295274109851764,0
ARNTL2,-0.17718559366638864,0
CCDC178,0.0,0
DHX32,-0.15775552462271847,0
IFIT2,-1.8113933727589675,0
MIR100HG,0.29597623985625354,1
IFI16,-1.2106434777761126,0
LINC01002,-0.809794153037025,0
BCL2A1,-2.592979408141245,0
BCAT1,-2.1425473365503267,0
RAB38,-1.194681687910599,0
PARP8,-0.9497689971396897,0
STEAP1,-1.3520339056557606,0
PRKCA,-0.24486533071289074,0
EML4,-0.32967885744612424,0
IER3,-0.46496329853948026,0
NUDT16P1,-0.35394573611188096,0
SOD3,0.0,0
GPR39,-1.6479882889896897,0
MBP,-0.5684929307896276,0
FAR2P2,-0.2886437560567181,0
THBS1,-3.6405801589880977,0
IQCJ-SCHIP1,-1.4933101870550844,0
SPOCK1,-1.6709483457890517,0
RCSD1,-1.464652134424571,0
ZNF629,-1.0637300687458584,0
ADAMTS3,-0.10768498278447658,0
TXNDC2,-1.0044649366322442,0
MYRIP,-0.6711173157179257,0
SOX21-AS1,-2.184357732707058,0
IRAK2,-0.6404252499678762,0
DSEL,-1.6522194625346787,0
MYO10,-0.80460981867623,0
PROCR,-0.9861020933674798,0
RBPMS,-1.2302620330472784,0
SLC38A4,0.8275188326459082,1
RIPPLY2,-0.7138362422747386,0
PKDCC,-1.165878679071187,0
LINC01106,-1.519105829036854,0
SRGN,-2.273020535733986,0
OLFML2A,-2.0224900471613783,0
PPAP2B,-1.1164159413772579,0
SATB1,0.16937007842015817,1
RCAN2,-0.8626584113995013,0
DPY19L2P1,-1.0506829173802021,0
LSAMP,-1.109952389286307,0
EPB41L4B,-0.8584522135251555,0
GBGT1,-1.6550938561431652,0
GAB3,0.34800138098881206,1
CT62,-1.2147822085133912,0
LINC00839,-0.5156541563507888,0
DACH2,0.0,0
CYB5B,-0.5904363774076291,0
SORBS1,-0.4953465800531598,0
LRAT,1.0033710713705257,1
ANKRD34A,-0.6100902894691984,0
FST,-0.42136939409640606,0
ZNF827,-1.1621375630326014,0
F2R,-1.2753795705052209,0
EPHB6,-2.6547406108980627,0
EMP1,-1.5118459168091203,0
ONECUT3,-1.1407714395072475,0
ALX1,0.07442182730058367,1
NPTX1,-0.23137630107490637,0
KYNU,-0.32396009013577426,0
OCIAD2,-1.5161494179688946,0
FAM102A,-0.6344507816410676,0
MAP3K5,-1.0979671854143644,0
LGALS8,-0.19935007918041947,0
HES7,0.5507761966999327,1
IRAK3,-0.9128393104242427,0
AKT3,-0.9398347448832167,0
MEG3,-0.49897210965396965,0
BTG1,0.5025523262712017,1
WBP1L,-0.49332496629283895,0
AP1S3,-0.27995489811075736,0
ARSJ,-0.5437126434968533,0
NDRG1,0.06488274002813554,1
FOS,1.5552489100961653,1
SLAIN1,0.27804383634740715,1
DUSP5,-0.4468755740761452,0
LOC100506178,-1.9513083443545653,0
PARM1,-0.05756815110874691,0
NEK6,-0.8549440136687565,0
LOC440028,-1.5400365663675246,0
SMARCA2,-0.7338230551267504,0
DOCK5,0.19301949521449302,1
KCNK3,-2.772712322838791,0
TMEM171,-1.1047712785376174,0
GADD45G,0.020449199247033256,1
AOX1,-1.6113794919179192,0
TM4SF1-AS1,-1.3548577433087807,0
PCNXL2,-1.7324885815558924,0
NTN4,-1.216925186992226,0
PLOD2,0.3020104028013204,1
EPS8L1,-1.685793869189089,0
ZNF488,0.16766735084073758,1
THSD4,-0.7826835218962227,0
PKHD1L1,-0.00032883582016940416,0
OTUB2,-1.4841514802901266,0
OBFC1,-0.09878358396923659,0
ZNF469,-2.895603023688596,0
ANKRD20A5P,-0.0009647447001750464,0
C11orf91,-1.7739357303909984,0
ST3GAL5,-1.5591889656981635,0
KDR,0.03025045384100178,1
LRRC34,-0.843877735788251,0
LPAR1,-3.082268373372376,0
STARD13,-0.2741070204399083,0
GLIS3,0.12892325468817045,1
CALD1,-0.9062874100923644,0
SCARA5,-2.8747108063084976,0
GALNT2,0.11880836729435451,1
ARMCX2,-0.19572362134485077,0
IFT46,-0.71669184362925,0
CDCP1,-0.9640495989109343,0
BZW2,-0.07426439129084983,0
LIN7A,0.1951452855081361,1
TSPAN6,-0.7820190352042626,0
ZNF804A,-1.0184347682181332,0
RHCG,-0.7894944080703787,0
TRIB1,-1.1056701191350422,0
DISC1,-0.9248491404403602,0
AFAP1L1,-0.4074882664411028,0
POLR3GL,0.2394118751772254,1
PPARGC1A,-0.6672516793776264,0
PDGFRB,-1.241487696717197,0
FOXL2,-0.6191513293643931,0
ACSS3,0.0,0
GLIPR1,-2.972146048451507,0
ITPR3,-1.1380333472784425,0
SERPINB9P1,0.366684153246573,1
ZNF365,-0.9265708980680305,0
DEPTOR,-1.2065491993928905,0
SETBP1,-0.012365779187022863,0
AIM1,-0.821835395303177,0
ARPIN,-0.6868737137394447,0
NABP1,0.6301582528918166,1
WDFY2,-0.3005422424820665,0
FOXD1,0.13622947903260396,1
MB,-3.5591214488041327,0
IL17RE,-0.9521489849248423,0
GTF3C6,-1.5429035302556624,0
TNFRSF19,0.2776367715400987,1
MME,-2.2707949948338246,0
C16orf52,-0.6878410307501373,0
B3GALT5,0.3334802271471206,1
CCDC152,-1.0008051901121542,0
MAGEA12,2.0027103833142323e-05,1
ISPD,-2.20807014843153,0
RBMS3-AS3,-0.96861487062492,0
SLIT3,-1.3582240976713598,0
FRMD6,-0.15768791810988603,0
FAM107B,-0.24825100023373636,0
MICALCL,-0.636303481494233,0
ZNF214,-1.215984391019683,0
LAT2,-1.6298901094889362,0
LINC00638,-0.38573535980876095,0
ELOVL2,-0.8111682634299004,0
LOC284950,-1.1952592426355195,0
LOC389332,-0.7235911999141669,0
LIF,-2.317388187879894,0
LOC100507002,-1.000391453855035,0
KL,-0.5793479119752468,0
LOC101927692,-0.3336525463742017,0
MANSC1,-0.7584116114937265,0
S100A4,-0.38888201914314635,0
ZEB2,-1.5458757096649731,0
ABCG2,-1.4018654868461873,0
ADGRF1,0.0,0
GALNT5,-0.33354057686600574,0
PPARG,-0.5295441640958742,0
BMP4,0.0,0
SCG2,-2.9948918849967945,0
MAGEA9,-0.00019241268966108116,0
MOSPD1,-0.3744973065232955,0
SLC25A42,-0.3292139500200584,0
ACTR3C,-1.1195093558801075,0
HMX2,-1.6394781403208802,0
RGS3,-1.1604899876436727,0
LONRF3,-1.0502186123837323,0
ADAM22,0.3493218606649737,1
TXNIP,0.7902832491707983,1
LINC00704,0.0,0
GPR173,-2.1080714636651066,0
SLC18B1,-1.7796291523087784,0
AMIGO2,-0.9158844112682054,0
PLEK2,-0.6122804831656472,0
HPSE,-1.277001903772935,0
FAM27B,-0.49438324994931016,0
CLMP,-3.5236045207437394,0
LINC00341,-2.3369004096696617,0
ZNF519,-0.1879281810174218,0
ZNF619,0.27469416691142357,1
AQP3,-0.6845482331009585,0
LINC01305,-0.3339099398877907,0
THRB,-1.2972477259931967,0
FAM196B,-3.4562273769819054,0
XIRP2,0.0,0
FGFBP1,0.0,0
FEZ2,-0.5812569632692242,0
CYP39A1,-5.435972215672713e-05,0
SSTR5,-2.5518902807081765,0
CCDC80,1.3028574357242722,1
KAT2B,0.45049246411501365,1
HOXA3,-0.6179456273604202,0
SNCB,-0.8412421311306666,0
LOC102724312,-2.469758500568908,0
XKRX,-1.1953315564304772,0
NRP1,-0.9460239678620468,0
CD34,-1.3903857448751695,0
BEST4,-0.3337164034876112,0
MGST1,0.03028792534838365,1
ETV4,-2.796685404547084,0
ZNF22,0.44034658008933114,1
CD69,-0.6669581341069645,0
CIRBP,1.4831716362681568,1
VGLL3,0.10597060638173872,1
SOX4,-0.5469319076165782,0
SHC3,0.09558958712300236,1
SIGLEC15,-0.5283690492484358,0
WNT16,0.0,0
CPEB2,-0.49198388398833703,0
CTSH,-1.5429674779749227,0
TM4SF4,-0.5281807780128723,0
HPGD,-1.0791480032952514,0
KPNA7,-2.0715391539916697,0
LINC00959,0.8468607948664357,1
ABCA10,-0.6668446039817439,0
DAB2,-1.9577875214790725,0
TRDMT1,-0.13711752173841152,0
CLVS2,-1.7791822613400265,0
CAV1,-0.4708268767668802,0
CDC42EP3,-0.16899435274069052,0
PRKG1,-0.0004207811433203368,0
GPX7,-0.6122068802693654,0
SUCLG2-AS1,-1.5053201757390373,0
LINC01444,-0.5274073474475052,0
TCF4,-1.6384405756981653,0
MAN1B1-AS1,0.8420076620714725,1
SOCS6,-0.7550365458752815,0
CARD6,-3.608564564815436,0
CREB3L3,-1.6604394379540734,0
PPP2R2B,-0.7398935055301804,0
BDH2,-1.938014920657949,0
MACROD1,-0.14194880538821852,0
PALM3,-1.7004130605966798,0
SLC22A18AS,-1.2283619454282373,0
GSTO2,-2.6173558048686987,0
ELMOD1,-0.341395275355417,0
AGMAT,-1.0649034917303872,0
ZMIZ1-AS1,-2.1867403380101593,0
MRGPRF,-2.410238039660137,0
L3MBTL3,-0.6276509638931458,0
FBXO4,-0.6659472621500884,0
GJB6,-1.251615876923573,0
UACA,-0.016207707353236955,0
SCEL,0.0,0
RGS2,0.910873620530932,1
FAM46A,1.8299826751645971,1
SBK3,-2.9925720368346607,0
TCEAL1,-0.32261322108398804,0
HMGB3,-0.20338813982295356,0
RBP4,-0.9348036093056857,0
ANXA1,-0.5816242534731835,0
SORBS2,-2.453286732341091,0
CSGALNACT1,-2.809339457318738,0
PTGER2,-0.8615567029078054,0
GNG2,-2.906888609012937,0
MUC5AC,-1.334555661035116,0
PLA2G4A,-0.8637107465659065,0
HEIH,-0.4218558492382769,0
CADPS2,-0.07817458265251975,0
VIPR1,-0.7057670497552431,0
MORF4L2,-0.10626832025409527,0
OSBPL7,-2.258689718968193,0
PAPSS2,-0.7747499617345701,0
NIPAL4,-0.6682303842475505,0
HCG4B,0.5844573572475265,1
CAPN2,-0.8776635779242614,0
TMEM100,-0.33336918253073106,0
LIPG,-3.788360592008952,0
LENG9,-0.31239178532228884,0
SLC22A1,0.6710988058055987,1
ETV1,-2.126334616488588,0
PRSS33,-2.0150134746345985,0
RUNX2,-1.1962924844713694,0
SDPR,-0.7239349937833779,0
PTHLH,0.15427985320151016,1
PRSS3,-1.3066339432676826,0
LRP8,-0.1664487031850843,0
HOOK1,-3.0724687735412,0
PRR16,-0.48181202411440527,0
CA13,-0.3691512735231095,0
CCDC88B,-1.357560572022467,0
CPT1C,-1.575046256520205,0
DHRS9,-3.1534521732015484,0
TNFSF15,-0.5332594800935886,0
USP2-AS1,-0.44613719334180235,0
FAM101A,0.0,0
MRVI1,-0.6564477005085914,0
PAX5,-3.9704982451734177,0
DAW1,-0.774066901102106,0
RGS11,-3.542758886515061,0
LOC101928841,-1.9564685712313796,0
SLC51B,-1.7976294445282999,0
DGUOK-AS1,-0.7906053349276134,0
PKP1,-1.108471352424081,0
BCAN,-2.3406680907083364,0
PRSS22,-4.368263283579869,0
CXCL5,-1.6008403944636298,0
TNNI3,-2.3106359267858485,0
TNFSF9,1.1780440832422654,1
LINC00941,-1.0067109764382307,0
NRG1,-1.1712388836195453,0
NR4A2,-0.8010698707468742,0
FBLIM1,-3.3323304958666866,0
GATA6,-0.4396115931723812,0
GGT7,-0.23114211645778937,0
KRT7,-2.280007750564522,0
ZNF426,-0.21698239973048583,0
ICA1,-0.9857470972507447,0
ANK3,-0.7922577334378164,0
B3GALT5-AS1,-0.8624352482050112,0
CCDC141,0.333253092183251,1
LINC00669,-0.8168937094625903,0
PAGE1,-1.862385544293322,0
SENCR,-0.33299292699473154,0
PDK4,-0.7417830067419395,0
KIAA1024,-0.9481944263479183,0
MARCH4,-1.7954014069318376,0
NMB,-0.969905737215977,0
PCDHGB2,-1.858241985149581,0
PPP1R1C,-1.3339488864181512,0
KLF3-AS1,-0.35734708744078203,0
TENM4,-1.3775350923672458,0
FLG-AS1,-1.073077392004322,0
FAM24B,-0.5913514233225765,0
APOBEC3B,-0.8479532966862902,0
CALB2,-2.283738901003092,0
LDLRAD1,-1.0120552667069962,0
SHANK2,-2.3129954104594144,0
FAS,-0.6758618855307592,0
B3GNT6,-0.7413101203532682,0
FAR2,-1.8426392095264625,0
HECW2,-0.9224134076823232,0
KIAA1683,-0.45645868069951856,0
NCMAP,-2.6424095640115564,0
ARHGAP22,-0.9374787787232246,0
HHIP,0.0,0
CYP2A7,0.0,0
SLCO2A1,-0.5185739613533853,0
PHYHIP,-1.0004305843164645,0
BGN,-1.1078637281233985,0
DPYD,0.5528725590682413,1
ARL14,-2.5431668960159017,0
GPM6B,-0.6144436585469223,0
CCDC116,1.9926706397338956,1
LOC101928794,0.0,0
ZNHIT6,-0.046854546436245315,0
RP1L1,0.27532852129075414,1
SH3BGRL2,-1.2760587810794428,0
SH3TC2,-0.7746100695887908,0
LOC100049716,-0.2400246380923301,0
ADAM12,0.0,0
FAM127C,0.12623473648604744,1
SPTB,-1.9095528548290492,0
MYO1B,0.1025173161892603,1
NAGS,-0.8235214124044727,0
RAC2,-1.8717207889797367,0
BDNF,-1.6306513275085681,0
ANKLE1,-0.9681491754311837,0
OR7E14P,-1.5493586419253822,0
ALOXE3,-0.4953489988907913,0
NCAM1,-0.5846208045595254,0
SHROOM4,-2.261053514025072,0
CHST7,-0.4372838691314014,0
LOC389602,-0.33356781351997133,0
DOCK2,-1.2700603120110143,0
KCNJ2,0.016984886042524572,1
PLSCR4,-0.3720055115627803,0
CORO2B,-1.757058431052028,0
NOS1,-0.15872500783878696,0
RGMB,-0.06725846096528265,0
ESPNL,-3.3859009521016246,0
ABCA4,-0.6308498540535927,0
C4orf22,0.0,0
UNC5CL,-1.1958688355335105,0
AVPR2,-4.171103800317265,0
C1QTNF3-AMACR,-3.4216054248382703,0
ZNF385D,-0.4039931746165992,0
ITGA11,-2.1648681768010842,0
ZNF717,-0.9001549851726751,0
MAPK13,-3.4230782434477764,0
TMEM92,-2.939486110510854,0
GPRASP1,-0.5631979560469009,0
SLC12A8,-1.9964121428386776,0
CCDC169,-0.0075301955131683584,0
C10orf90,-0.3338852536293717,0
PID1,-1.8742502155442766,0
POM121L9P,0.0,0
ISM2,-1.5843140643382077,0
HOXC13-AS,0.2224363070728561,1
MAGEA6,-0.6354260201200862,0
LOC101929555,-1.8620201418091609,0
AMOT,-1.1995520354778746,0
ENOX1,-0.44214211407300774,0
BRSK1,-2.3671823478719833,0
SLC44A4,-0.8618928555162171,0
PLCXD3,0.3332919054344461,1
LVCAT1,-1.1590388086302288,0
SLC6A2,-0.5498001760408274,0
TLL1,-0.0003303828842372014,0
CSAG1,0.0006078429935021945,1
MEG9,-0.2269786680918271,0
PTCHD1,-3.1699269937036005,0
CNRIP1,-1.4121278575030929,0
ATP6V1B1-AS1,-0.3819382432744942,0
CDH11,-0.3332652507279429,0
SLC16A14,-1.969513045094767,0
KLF1,0.00011234306661944693,1
C7orf57,-0.4763927027043109,0
SNURF,0.16538583525212935,1
PKI55,-0.9917867693121805,0
HCAR1,-0.5286382322757582,0
TENM1,0.0,0
RGN,-3.09250176424403,0
GLRX,-0.6324117755199126,0
FAM13A,-0.23514654507227162,0
ZNF503,-1.7108499522466194,0
LOC100129617,1.0002198954635377,1
TMEM139,-0.0105905698684019,0
MATN3,-2.5592136238317584,0
TBXAS1,0.07548830912401794,1
EPHA3,-1.586161064935206,0
KCNF1,-3.369495711138288,0
PCDHB9,-1.078298973551663,0
LY6K,-1.48661298955235,0
FRK,-1.383726015935547,0
LINC00607,0.0,0
LOC103091866,-0.20387376483374453,0
LINC01391,-0.0008663595728932716,0
LPAR3,-0.007761165918772406,0
KLHL14,-2.821946744162918,0
CA3,-2.6941226425991616e-05,0
PCDHGA6,-1.7499254167331246,0
HPDL,-0.552106903031099,0
SYT13,-0.6673786991619752,0
SLC8A1,-1.705614051455163,0
MUC12,-2.6568670897710165,0
DIO3OS,-2.3029750321778324,0
MAGED4B,-1.3920496266288858,0
HMGN5,-0.28410672135502946,0
RPS10-NUDT3,1.782276509626427,1
NOTCH4,-1.0999690621252887,0
GJB3,-0.5390245760494323,0
POC1B-GALNT4,-5.009717303132176,0
CXCL1,-4.418254100853215,0
LOC644172,-0.6467908280100543,0
LOC100507642,-1.8314005524978276,0
ZG16B,-2.1297982055257054,0
LINC00460,-1.3901512279134653,0
CPB2-AS1,1.1612129573689132,1
LOC728673,0.4394232094012125,1
ZIC4,-0.8802775039042631,0
PTBP2,-0.6583698082220835,0
HK2,-1.1379128287203182,0
ZNF582,-0.6239292966786127,0
C17orf104,-1.9754404154225031,0
CDH6,-1.3907633532933859,0
PER2,-0.8373026145151323,0
NHLRC4,-1.2556723542432073,0
LOC100288798,0.024408791083252446,1
KIAA1324,-1.6773372545276328,0
FSTL4,-1.4614692178196442,0
