gene,jq1_log2FC,reversed
ST18,0.0,0
ANTXR2,-0.48489936735262784,0
FGF5,0.3422826907552359,1
LURAP1,-3.2027429640784817,0
AMPD3,-2.4151978463489137,0
PAX2,-1.8317088317196681,0
RNF128,-0.37096979396227203,0
ITGBL1,-2.2826803984869737,0
ABLIM3,-1.5845888055464936,0
CACNA1D,-2.6287727323378567,0
SPRY2,-0.28104532770397306,0
MYEOV,-1.575100159788133,0
FN1,-1.5761723492333157,0
PTX3,-1.161895474785286,0
SDK1,-1.5011099452853394,0
SPARC,-2.586117033392764,0
PKIA,-0.007960260758907989,0
MFAP2,-2.928347309955224,0
LONRF2,-0.7800711942719971,0
WISP1,-0.35045683545562506,0
PDE5A,-3.2670349746501666,0
CACNG7,-2.908946189299949,0
PLCH2,-3.6255672263041796,0
ELFN2,-4.231043720101795,0
CST1,-0.3340548703118718,0
PXDN,-4.265573431246944,0
UNC5C,-0.5387263749791753,0
LINC00261,-3.7732257020587743,0
TSPAN18,-2.8842482500883975,0
ENPP1,0.6212730138293097,1
FBXO32,-1.7312859312288267,0
SH3PXD2A,-1.6587563176445368,0
NTSR1,-2.0099129532769515,0
LTBP2,-2.0632096940449918,0
PPP1R9A,-1.5363562053430107,0
FILIP1L,0.233310688875509,1
CNIH3,-2.215441383993147,0
CD24,-1.4807244909138273,0
TNFRSF11A,-0.3587949018199019,0
LRRC20,0.19440129548646468,1
DKK3,-1.9279401308499624,0
SOX21,-3.7307009052164526,0
WNT7B,-2.393824961744114,0
EPHB2,0.08064369035871088,1
TNS4,-0.6671065818580759,0
TCEAL8,-0.36841665305787163,0
ADIRF,-1.927989301862453,0
LOC100126784,-2.1478444596496833,0
CACNG6,-1.8348658709216599,0
SUSD2,-2.1302717959895716,0
GUCY1A2,-2.3270688772972123,0
C6orf132,-4.540395737299898,0
CACNG4,-2.1274515749105314,0
SSTR5-AS1,-2.803854963474697,0
CXorf57,1.0556538411020138,1
H19,-3.3266797190702864,0
MAML2,-1.2072696781136898,0
FOXC2,-0.9217205619118953,0
THBD,-1.8373979126412967,0
SMIM14,-0.4733241235225183,0
CD55,-0.06939096564852587,0
ADAMTS15,-3.182961270622256,0
SOCS3,-0.782780141785274,0
PLEKHH2,-2.44173269886202,0
TMEM158,-0.5226817756259123,0
ADAM19,-0.5850025863712123,0
RHBDL2,-3.1965750435455575,0
ANPEP,-0.649325448314622,0
ELOVL6,-1.4952621249754963,0
TOX2,-2.1494266962885504,0
CAMK2N1,-1.5297423641062817,0
CYTH4,-3.4706123769904784,0
COL13A1,-2.3767835217476994,0
STAMBPL1,-1.0625933870479365,0
TSHZ1,-0.9752482327561696,0
RGS4,-0.20003944876756613,0
PTGIS,-5.0384434880046705,0
HIPK2,-1.6926576093920769,0
HDAC9,-2.263156350562155,0
MMP16,-1.2463073733452559,0
RASD2,-2.4134360360751472,0
AGR2,-3.6310140522532732,0
CACNA1G,-1.3315303926499844,0
STEAP1B,-0.3041192383981368,0
SHISA2,2.0628944094625328,1
C10orf10,-2.0517316606622673,0
VAMP5,-0.4428388909140484,0
ITGA10,1.1564951427028645,1
NCR3LG1,-0.39876107227776725,0
FHOD1,-0.09451965969647969,0
S100A16,-2.4764898149828243,0
TRHDE-AS1,0.0,0
LINC00886,-1.8026835457443369,0
AREG,-0.00026123523262500115,0
ZMIZ1,-0.6463338694926186,0
GRIN2A,-5.523813375241347,0
DIO3,-4.61282221108913,0
SH2D5,-2.667704144125284,0
TOR4A,-2.721670995832988,0
CREB3L1,-1.253704282825498,0
LGR4,-1.1681693602033683,0
NPW,0.3220761760761013,1
C20orf166-AS1,-2.0037071678301066,0
ANTXR1,-1.4959391293426982,0
THY1,-0.44361708224356455,0
LOXL1,-1.381840176210102,0
ITGA2,-1.4578495238692657,0
FFAR4,0.19522258352225758,1
RARRES1,-2.0015301629682276,0
ZNF711,-0.021714836342392907,0
AFAP1-AS1,-0.6741234870328414,0
GABRB1,0.0,0
CLDN10,-1.3321766374733763,0
MLPH,-1.8695734096441097,0
FAM109B,1.251275362166291,1
FAM43A,-1.1514994688894964,0
MMP2,-2.2105263926696272,0
TLR6,-1.1504057218055719,0
MKRN3,-0.7720783011622894,0
DNM1,-0.07039379959806347,0
KDF1,-2.1464966285794995,0
CES1,-1.9080276809263497,0
MT1A,-0.5765575364821922,0
CLMN,-0.7394832304852175,0
SMPDL3A,-0.15309011948416273,0
ARMCX3,0.6537341430792294,1
TRHDE,-0.6670241582751624,0
SCARA3,-2.673789665098284,0
LIN28B,-1.0486003494841611,0
CCKAR,0.0,0
SNORA61,2.5170251396899745,1
CPA4,-1.5353157388041343,0
IL17RB,-1.4102145232296985,0
STC2,-2.0146853011638566,0
TNC,-2.390755241962192,0
NALCN,-1.1996706246802873,0
EFNA5,-1.6705695245629943,0
AGFG2,0.11097361088829594,1
PRKCG,-0.765875574886274,0
AQP7P1,-0.6668093941503658,0
TSC22D3,-2.215731506057007,0
AKAP12,-0.8360530872848084,0
BMP6,0.003464409324236861,1
NAV1,-1.0233022450256026,0
ASIC2,-2.0055976255849255,0
S100A13,-1.0383557016398344,0
GABRA4,0.0,0
TRPM8,-3.1025455869847063,0
LINC01468,0.0,0
WDR66,0.7442737883393367,1
PDLIM1,-0.8178131067309096,0
HCN1,-1.056937461457405,0
NID2,0.33310081995870494,1
CHDH,-1.1043217255080906,0
LHFPL1,0.0,0
SPNS2,-0.6097922794486061,0
ARSI,-1.506704397527078,0
SIPA1L2,1.5338041106105917,1
CIART,-1.5763630255539829,0
NPR3,0.10745578316521076,1
NPEPL1,-1.1550196131001398,0
KIAA1549L,-0.793644822822273,0
AXL,-0.7852910162068394,0
ACOT12,-1.057290089178525,0
GEM,-1.0921861782529394,0
SMIM3,-0.5330032301845593,0
GPRC5C,-1.5932839887448402,0
FRMPD3,-2.470359728387545,0
LOC100133091,-0.9788085729283562,0
FAM212B-AS1,-2.906254883864074,0
MGST2,-1.1188645613645072,0
EREG,-1.7238785829840124,0
JUN,0.12346329835977521,1
DTX2P1-UPK3BP1-PMS2P11,-0.5539997225648383,0
ARMCX6,-0.19306931477613887,0
SFRP1,-0.7488325347521938,0
CCDC181,0.9219407791594634,1
FLVCR2,-1.5204474612334877,0
TRPA1,-0.8621098233254256,0
ATP6V0A4,-0.1392890854918052,0
FOXL1,-2.0550189176597318,0
NT5E,-0.1708014525789956,0
NKX6-2,-2.744306622409439,0
SGK223,-0.8585754975578883,0
FGFBP3,-0.0012660260713581728,0
KCNK6,-0.7993955324937367,0
ALPPL2,-1.544425560231526,0
CACNG2,-0.6669518842568092,0
GRHL3,-2.8265731246537835,0
ITPR1,1.3994699714175276,1
GRIN2D,-3.27045069025043,0
ST3GAL1,-1.8121792618866053,0
FOXF2,-2.158412910756777,0
SLC4A11,-1.9017863164126751,0
FADS2,-1.4004778643156097,0
TSPAN13,-0.22698023383217425,0
NNT,-0.04725835871478701,0
LOC286297,-1.0000140119073107,0
PLEKHG4,-1.9773342273986145,0
STK32B,-1.8901980153437075,0
IGSF1,-1.0205673222839027,0
SMOX,-0.30618056790242854,0
CD22,-1.7173336394809806,0
TLR4,-0.3383596206948678,0
IGFBP1,0.0,0
RNF144B,-1.3435289197516576,0
TMSB15B,-0.9801725328473561,0
INHBA,-0.3333851867521071,0
ALPP,-1.2264086572929838,0
LUZP4,0.333128724903233,1
ITGA3,-0.7821944422873752,0
TRIB2,-3.2073746348759498,0
LRRC61,-0.7190826403558797,0
HS3ST1,-0.5283882635397004,0
ASB2,-1.4413686743155976,0
ADAMTS10,-2.076258344858386,0
SFMBT2,-0.570055860337173,0
MICAL2,-1.5459206452045677,0
CYP2S1,-1.4977956732075839,0
CYP2B7P,0.0,0
KCNMA1,-1.2882439936582326,0
LINC01123,-1.1501074925128938,0
SLC14A1,0.0,0
DNAJC22,-2.1262547215407346,0
ST8SIA4,-1.116136887758623,0
IGFBP6,-1.5925872739997322,0
CNTNAP3B,-1.170458838390127,0
SUSD1,-0.15995706913192986,0
ASB4,-0.386704936340116,0
LOC101927919,-1.7748616652408886,0
CSF1,-2.2383780251474867,0
NPAS2,-1.5665807127332396,0
SH3PXD2B,-0.5606382994590202,0
CXCL6,-2.3222312768510833,0
CLU,-0.6137065255032237,0
KRT80,-3.3113326987959457,0
TPPP3,-0.8644981758051,0
LTBP3,-1.7335028971358337,0
PAPPA,-1.4410489594173985,0
DRD1,-1.0568115512991072,0
PLAG1,0.4152734897867827,1
PRSS23,-0.6627385935514027,0
SLC6A15,1.3587438437947146,1
CALHM2,-1.240947173239445,0
TGFBI,-0.3726325159282897,0
MEGF6,-0.6768672914093177,0
ZNF785,-0.36613477262631555,0
SHH,-2.422632946039694,0
SLCO4A1,-1.6394478541359945,0
LOC102724094,-3.9017103204401273,0
LOXL1-AS1,-0.4453138682157691,0
PAQR8,-1.3914087006220628,0
LAYN,-1.44069794552246,0
IFITM2,-2.6109568053246504,0
CCNYL2,-1.052326810238795,0
CCDC88C,-1.1820210550880335,0
FANK1,-0.13246710831401032,0
PSD3,-0.06687490196807211,0
CYR61,0.8574136723644941,1
ZBED6CL,-1.5356987655107637,0
IRAK1,-1.4964278747029809,0
FGFRL1,-0.6697218612160807,0
TIMP1,-1.1873638786775231,0
GPRC5A,-1.056293708655339,0
PLAUR,-0.9211340884873964,0
RAB17,-2.1175230915262455,0
TMEM132E,-2.0539821443559756,0
SEMA4B,-1.1922644142115217,0
ABTB2,-0.39536459640134325,0
LTBP1,-1.4989218188852815,0
TMEM25,-0.3339081072813448,0
CTNNA2,-0.8435591304484594,0
IGFBP3,-2.700602500951391,0
KRT8,-1.2760150978264946,0
FAAP100,-0.6854787867649836,0
TRNP1,-0.7470980753346144,0
KLHL13,-1.243412882311822,0
C8orf46,-3.5330559824044885,0
C16orf45,-0.722546886280238,0
KIFC3,-1.6940051331623414,0
SPRY1,-1.7688091722228156,0
EEPD1,-0.4048455806539035,0
NHSL1,-1.1784556519264653,0
STAC,-0.7061803106340179,0
ANK1,-2.0510025515496366,0
ITPRIP,-0.9618180086226147,0
ACOX2,-2.9288988458501937,0
GAB2,-0.9023716185457147,0
GJB2,-4.247165813717628,0
B3GNT7,-4.156005820043154,0
FUZ,0.4352840915639984,1
GNA15,-1.756870058008551,0
TNFRSF21,-0.18891822171524453,0
HTR1D,-0.9615004489836627,0
TBC1D8B,-0.7552577921525616,0
KRT81,-2.5027934090871926,0
CACNG8,-1.789362477928342,0
PRKG2,-0.607210123693058,0
SYTL5,-3.536246134786875,0
ZNF772,-1.1368573885546294,0
TBC1D4,0.040572037023089536,1
ANKH,0.07068272854419444,1
SP2-AS1,-0.4207540723676839,0
TMEM51-AS1,-3.2670795718153114,0
RASGRF2,-2.210728184649609,0
SLC20A1,-0.8335227871677855,0
RAB42,-1.4264784391757217,0
CITED4,-0.7535748292862143,0
PLXNA2,-1.7677389076678194,0
TNIK,-0.33551660280449624,0
KLF12,-0.8770792899484725,0
KMO,-2.6687445489797734,0
NLGN1,0.8615040921646719,1
BEGAIN,-2.7284364232052907,0
IL6R,-0.8478187459602964,0
DNER,-1.4907008481827448,0
TMEM246,-0.3928350081004961,0
TSPAN5,-0.006815006388233513,0
P3H2,-0.22626064766289922,0
PAPL,-4.791222981964437,0
NGFRAP1,0.024757844714928368,1
ZFPM2-AS1,0.41207030038842163,1
HAS3,-1.2286533406491449,0
EFNB2,1.8626307753960623,1
DENND2D,-3.242384664376982,0
LOXL4,-0.6130024808514545,0
SYN3,0.0,0
IGDCC4,-3.5462600148105983,0
ITGB5,0.34197138378631387,1
PHF19,-1.367936728704528,0
MAML3,-0.6631440804961404,0
GALNT18,-0.07698122247329842,0
ALDH1A3,-0.693919916208154,0
FOXA2,-1.7365189691720389,0
PLIN4,-2.455348845072136,0
CNTNAP3,-1.032953637880281,0
KRT19,-2.845935330362927,0
EML6,-0.06991409681145377,0
MXD1,0.6598809853931158,1
ARHGAP18,-0.41328399425303086,0
DOCK4,0.49152578160870597,1
ZNF843,0.11179694214822433,1
TEAD2,-0.7314339913224863,0
KCNE3,-0.666915318763726,0
HSPG2,-0.8170894018068271,0
OSR1,-0.9185832994671896,0
IL27RA,-0.6745435783840605,0
DUSP1,-0.10369080104503858,0
PHC2,-0.27435088727447443,0
SLA,0.0,0
SLC1A7,-0.00017735738104407428,0
ARHGEF6,-1.8283144462657148,0
INHBB,-2.730159114767439,0
LXN,-3.548556331254174,0
SCNN1A,-1.268896651987259,0
SGIP1,-0.33830870345983405,0
RET,-1.9533911991647113,0
ADAMTS1,1.042979851620243,1
STX1A,-0.3484690283562202,0
CYP1A1,-1.9104496873357122,0
AQP7P3,-0.7718635933002083,0
TIAM1,-1.80812363221228,0
AFAP1L2,-0.39995393380819166,0
TSPAN15,-1.4561142471331934,0
HDAC7,-1.4103669919432527,0
KCNQ5,-2.77595725275575,0
SCUBE3,-2.401113898171424,0
EYA1,-0.628512351753759,0
MSX1,-0.47174507591992576,0
LAMA4,-1.8947609155761498,0
SOGA3,-3.236702843194346,0
ZNF496,-0.6762832977584958,0
RRAD,-1.218435512920839,0
PTGER4,-0.6041168816165223,0
TPCN1,0.012692938513625407,1
SOBP,-0.12388555547508329,0
SORL1,-1.4524108827142825,0
PNPO,-0.4674921331031543,0
KIRREL,-1.0794891511218232,0
WNT5A,-2.090789413704389,0
CYP4V2,-0.766303754690032,0
ENG,-2.64232930345616,0
STEAP2,-1.4523456453351358,0
ZNF747,-0.9087474867925458,0
TSPAN1,-3.6242827923401864,0
DHRS3,-2.009063372753504,0
DKK1,-4.78849241643995,0
FAM95B1,-1.6230621741275781,0
ERGIC1,-0.9600141527797401,0
PLEKHG6,-1.1117537078682886,0
RAP2B,0.18598521874715956,1
TRIM46,-2.4725140054174433,0
PON3,-0.8627989890005405,0
HAS2,-3.7152208238831586,0
MEST,-1.2024767272387171,0
WLS,-1.529916042841288,0
DACT2,-3.547373412600216,0
P3H3,-0.6694205400674411,0
PRRT3,-0.22558488120761044,0
ARMCX1,-0.10777985778664245,0
MOCS1,-1.5202085164290295,0
STMN3,-2.931381628760387,0
DCBLD1,0.5034384491892165,1
FAM198B,-3.1356758397309683,0
CAMK1D,-2.508239191775819,0
ZNF561-AS1,-0.2684362999682728,0
TGFBR2,-1.0027384346409374,0
WSCD1,0.28615908258880474,1
GJA1,-1.8873932042361767,0
HMGA2,-1.3710860994402214,0
PRUNE2,-2.821638961881729,0
PITPNC1,-0.6344495936954226,0
PRKCDBP,-0.2540301911979901,0
CACNA2D1,-0.7812571422114525,0
C3orf52,-0.0623891231454925,0
CDK15,-1.633703199917321,0
EFCAB2,0.3012018404500001,1
RGS17,-1.1578677314309784,0
FERMT1,-1.6052868457254301,0
ISL2,0.10706276072704823,1
FAM46C,0.6104156292998244,1
SPRY4,-0.15483092171287183,0
STRA6,-1.666802161962063,0
FLI1,-1.435932620415827,0
TNFRSF10D,0.379073377126236,1
SPATA31A7,0.0,0
PLA2G7,0.3399945727063099,1
MALL,-1.2751525037210598,0
PGF,-0.42730058184481745,0
URAHP,-1.36226189749303,0
TCEAL3,-0.5260675624048297,0
TM4SF18,-5.369441447574394,0
SH2D2A,-1.0896446875578851,0
IGFBP4,-0.7479781243580224,0
EPAS1,0.08203764131619096,1
CPNE4,0.0,0
ZMYND12,1.1510362106794574,1
GAMT,-0.45736805821956317,0
LMTK3,-1.0921288096033592,0
KAZALD1,-2.1144415136246213,0
SSFA2,-0.022304576691425382,0
RAB27B,-2.2740279498495046,0
ABLIM1,-1.1783283002145808,0
DUSP6,-1.0062599882225616,0
UBASH3B,-1.3479051713577928,0
FOSL1,-0.36338486232370215,0
ADGRF5,0.0,0
PDE6B,-0.8625864196162913,0
NRROS,-2.275341477032052,0
CACNA2D4,0.0,0
CTHRC1,-0.7352683391048913,0
CD59,-0.13944190652213706,0
LRRC56,-0.6122482941805298,0
DENND3,-0.31480985041705,0
NAV3,-2.0421736702673146,0
ITPKB,-3.1447683648801448,0
GALNT1,0.598772089232213,1
CTF1,-0.847875293014809,0
KCNN4,-1.6376885613146879,0
MT1L,-1.0336590622524557,0
VSIG1,-0.333858805599075,0
F12,-1.7749231367596572,0
GRK5,0.2627895489031751,1
SDR16C5,-1.6363072141021875,0
GALNT16,-1.2413575427809027,0
FOXQ1,-1.7260214218992829,0
B3GALT1,0.0,0
FRAT1,-0.556722071151647,0
CEACAM6,0.0,0
CAMK2A,-2.0042874665595654,0
PRR34-AS1,-1.7820089357703877,0
SYT9,-0.39047705713865,0
UGT8,-0.7243911161188534,0
CTGF,0.4076980141899753,1
ZNF503-AS2,-1.599176178368499,0
ZADH2,-0.49256520397897496,0
SYT17,-1.6245103599203983,0
DPF1,-1.6051244223576075,0
MAMLD1,-0.6618322723822612,0
CHMP4C,-0.9390878315044064,0
ARMCX4,-1.2211008821567724,0
NRIP3,0.8156756241217202,1
SPTSSB,0.0,0
PODN,0.3519223472621565,1
LAMC2,-1.9868863525384732,0
DNMBP,-0.24721438035852294,0
CHST15,-0.06621372293884864,0
TM4SF1,-1.285873588042369,0
ROR1,-0.6763562867163904,0
TRIML2,-2.8114744483623415,0
CLEC2B,-2.8674430427200526,0
RAPGEF3,-2.3912412292719205,0
SPATA13,0.38078281960928706,1
LOC100129034,-0.6432227642137578,0
PEAR1,-2.437341730525903,0
CARD11,-0.33363405567859306,0
NRP2,-1.1814353114163483,0
PPP1R14A,0.002095347172218709,1
AFF3,-1.2483716958034927,0
LAMB1,-1.4843618044325986,0
ASPH,0.3651718447257508,1
EPS8,0.6169195140520554,1
ATE1-AS1,-0.9137484845757691,0
SFXN3,-0.12215508770735894,0
F2,-0.859350793805413,0
FZD7,-0.17873296662824067,0
MX2,-0.712675043004003,0
NAV2,-1.0016137113067662,0
SPRED2,-0.016027599240295842,0
EOMES,-2.6760626396400764,0
SNHG24,-1.5843406673256006,0
BCAM,-0.857206881182698,0
B3GNT3,-0.5286705215827439,0
CCNJL,-0.992728323581348,0
PLEKHA7,-1.8644026615367433,0
KCNJ6,0.5279902629337442,1
MORC2-AS1,-0.13888876482898727,0
SHB,-0.17129223479863676,0
ELL2,0.29576217336045296,1
MIR31HG,-0.17980881075272315,0
TTN,2.795688168533986,1
ZBTB20,-0.7858189299404859,0
KRT75,-0.33353447612262543,0
LMCD1,-0.0816967604980281,0
PRDM8,-1.9056447897232227,0
CAPN8,-0.7738974126970652,0
SVIL,-1.2034788624938688,0
ATG4A,0.39334058145524686,1
TRAM2,-0.1072508929131093,0
PEG10,1.4024004907112015,1
DNAJA4,1.4248340271530084,1
HNF4G,-2.0436974631525717,0
SVIP,-0.2470675021586235,0
TFF3,-0.6667080929835173,0
CPED1,-0.8326929027634424,0
SLC9A5,-1.0546656055663042,0
TGFB1,0.002052972799807762,1
THEM6,0.2422910066509072,1
PREX1,-0.4133867298153593,0
CFAP58,-2.008232615208402,0
LOC254896,-2.7975031502727536,0
HEG1,-0.5757687631509132,0
TSPY26P,-1.3771368277015086,0
CAT,0.10897562799681637,1
KCNS3,-1.0883369895767188,0
TGM2,-1.1658030174095328,0
SLC38A2,0.48175662927409135,1
EVA1C,-1.1377152347123078,0
NRIP1,-0.31872676316588766,0
COL22A1,-2.231705605296783,0
SV2A,-0.3130174452774006,0
PYGB,0.08081532202089825,1
AHR,0.04736412585355154,1
SLC35F3,-1.0004063469502702,0
PAQR5,-0.8266392350321841,0
NNT-AS1,-1.001656279129941,0
ABCC3,-1.1450316321425786,0
DYNC1I1,-1.24636689581978,0
CASP4,-1.7614639780626264,0
CD99L2,-0.6826942586363849,0
MPP1,0.36742755702847774,1
C10orf91,-3.3000749928004707,0
ETS2,-0.6156118463558915,0
STEAP3,-1.2437544033155383,0
ANKRD35,0.0,0
ME3,-1.1913665460394691,0
HAAO,-0.9193425259437897,0
RASL11A,-0.3806448823154174,0
S100A2,-2.535552051632496,0
ELK3,-0.5005558286471246,0
CCDC68,-1.5004475574919014,0
IL1RL1,0.0,0
ADRB2,1.7974261940591183,1
LOC100507334,-1.050455039527023,0
RGL1,0.47119431263178324,1
PRKCQ-AS1,-1.8283949305060867,0
PRTFDC1,-0.8593908058729034,0
COL6A3,-2.6042186134830008,0
ATOH8,-2.212014640351576,0
PLB1,-0.7748831496845137,0
FAM86DP,-0.8209488530897717,0
CYP2B6,0.0,0
OPN3,-0.3334880265404081,0
PLCE1,-0.3729042252483836,0
SRPX2,-0.5924765679602677,0
NETO2,0.3332887728295759,1
DEAF1,-0.93597909823756,0
TGFB1I1,-3.586114236531439,0
CDKN2AIP,0.3313726519764444,1
PLEKHA5,-0.71264783530851,0
ZNF185,-1.2887071703199364,0
EFEMP2,-1.150564192089793,0
KIAA1462,-0.9874868709603728,0
PEX11B,-0.4147201862827785,0
HOXB-AS3,-2.0153545195599394,0
EFHD2,-0.7056087169816436,0
CNTNAP3P2,-0.2443094741080074,0
FAM3C,0.20326424748080463,1
SUMO3,0.7262855337781993,1
TSC22D1,-0.05557756001938863,0
TCN2,-1.414418790488944,0
BTBD11,-1.237928889954815,0
SYNJ2,0.04510770691334187,1
WNT11,-1.0651438683124916,0
GLIS1,-1.585367179442332,0
COL23A1,-3.773021235043281,0
BACH2,1.1201119857031325,1
ETV5,0.44257595691572327,1
FRMD5,-0.0003190493354914281,0
SAMD13,-1.6869111309316422,0
SYT1,-1.6191068771582722,0
WWTR1,-0.5311403713492044,0
SMAD5-AS1,-0.22648797716935865,0
F2RL1,-2.6270928131077316,0
ARHGEF37,-1.1880360360741253,0
HTR7,0.813312376266569,1
RXFP4,-0.8618325641866198,0
B3GALNT1,-0.8902601226742162,0
IFFO2,0.03886580990643651,1
CTSC,0.36627939320940683,1
MAST4,1.2683224963610247,1
C15orf52,-3.000840530760266,0
IL31RA,-2.1329681022801137,0
KRT18,-0.5309117402624164,0
LOC101927934,-3.5018297594991,0
MEX3A,-1.7356627896319798,0
MYH15,-2.3076109820939212,0
LIPH,0.34875480545104587,1
SPOCK2,-1.3923294895106118,0
KAT6B,-0.8876307249953275,0
BANK1,-1.5630857940519574,0
NCEH1,0.17620927378690432,1
PLAC8,-1.4685736445307578,0
ODF3L2,0.29626950609742586,1
GRB10,-0.7858591178021648,0
RNF208,-2.029690094999416,0
BATF3,-2.302248045175688,0
SYT11,-1.3615784378818372,0
CUX2,-1.3905657035280108,0
NCKAP5,-0.49361046661667435,0
CERKL,-0.459422253312324,0
SYNE1,-2.651315268021717,0
LNP1,0.3475151832160299,1
SMIM10,0.2462487263636417,1
PRDX2,-2.763694199132634,0
ARNTL2,-0.17814074026089521,0
CCDC178,0.0,0
DHX32,-0.124919986577682,0
IFIT2,-2.273002035576406,0
MIR100HG,0.021939151732121687,1
IFI16,-1.59457967751329,0
LINC01002,-0.6347301395668392,0
BCL2A1,-2.085901188381257,0
BCAT1,-2.0178844286241864,0
RAB38,-1.194681687910599,0
PARP8,-1.051265752723869,0
STEAP1,-1.167266899191107,0
PRKCA,-0.24552404764875035,0
EML4,-0.3791031903225761,0
IER3,-0.3322903048500976,0
NUDT16P1,-0.4108461420317562,0
SOD3,0.0,0
GPR39,-1.6748178181046436,0
MBP,-0.7060450916176464,0
FAR2P2,0.11891638058261655,1
THBS1,-3.077657515262308,0
IQCJ-SCHIP1,-2.2542515915364563,0
SPOCK1,-1.9758815128200204,0
RCSD1,-1.464652134424571,0
ZNF629,-1.1554097599689896,0
ADAMTS3,-0.2458721900139068,0
TXNDC2,-1.5331694149326338,0
MYRIP,-0.6711173157179257,0
SOX21-AS1,-2.762896985240281,0
IRAK2,-0.46859058937428344,0
DSEL,-1.5875575915875961,0
MYO10,-1.056309617732209,0
PROCR,-1.0841406587249178,0
RBPMS,-1.3111631038688931,0
SLC38A4,1.0183202921993137,1
RIPPLY2,-0.7511050975774411,0
PKDCC,-1.5820243288035885,0
LINC01106,-1.7240688680865812,0
SRGN,-2.6673933463387858,0
OLFML2A,-2.2634210931056415,0
PPAP2B,-0.976267485449803,0
SATB1,-0.6943995862087238,0
RCAN2,-0.2009499516235701,0
DPY19L2P1,-1.3709771770688475,0
LSAMP,-1.4383093187129798,0
EPB41L4B,-1.1029147885080643,0
GBGT1,-0.8035768170078463,0
GAB3,0.41067460931413624,1
CT62,-1.5481982995330608,0
LINC00839,-0.5073559727901751,0
DACH2,0.6708532025409077,1
CYB5B,-0.619456538703588,0
SORBS1,-0.2780137664689155,0
LRAT,0.6691127001915369,1
ANKRD34A,-0.6589138543760025,0
FST,-1.0004169922058193,0
ZNF827,-1.8470767704707143,0
F2R,-1.431121025135079,0
EPHB6,-2.1504186234426896,0
EMP1,-1.9552798223886514,0
ONECUT3,-0.8671189768088912,0
ALX1,-0.5293336732456424,0
NPTX1,0.2133757957509843,1
KYNU,-0.32396009013577426,0
OCIAD2,-1.7505569962285623,0
FAM102A,-0.6348729329947869,0
MAP3K5,-1.06997534197167,0
LGALS8,-0.12994046287783156,0
HES7,0.6738822472206962,1
IRAK3,-0.6411415887618155,0
AKT3,-1.6422162350066891,0
MEG3,-0.3923296695356573,0
BTG1,0.788979427330526,1
WBP1L,-0.6587595887383682,0
AP1S3,-0.4823599341556033,0
ARSJ,-0.7784131338708917,0
NDRG1,0.3046127275779362,1
FOS,1.992750964562977,1
SLAIN1,0.9700262144390903,1
DUSP5,-0.09225526407438522,0
LOC100506178,-2.177094500505396,0
PARM1,-0.8619895112767578,0
NEK6,-0.9120988544555768,0
LOC440028,-0.6238813485782391,0
SMARCA2,-0.6632383132931157,0
DOCK5,0.21704541035126645,1
KCNK3,-2.136536978298566,0
TMEM171,-0.891734179957707,0
GADD45G,0.8495301807431219,1
AOX1,-1.8223162887580258,0
TM4SF1-AS1,-1.197423485906917,0
PCNXL2,-2.494812194692162,0
NTN4,-1.0793166258179436,0
PLOD2,0.3966578159139935,1
EPS8L1,-1.5049100350783604,0
ZNF488,0.39820811784194987,1
THSD4,-0.7229790223513888,0
PKHD1L1,-0.33344179002054347,0
OTUB2,-1.4365249612560582,0
OBFC1,0.03138784430910846,1
ZNF469,-2.464612732831091,0
ANKRD20A5P,-1.6674224243536822,0
C11orf91,-0.44195685115959593,0
ST3GAL5,-1.41725748063212,0
KDR,0.42103042213194386,1
LRRC34,-1.1887374502537542,0
LPAR1,-4.246708564765868,0
STARD13,-0.1369854163174944,0
GLIS3,0.28663472156169867,1
CALD1,-0.9942117255230585,0
SCARA5,-2.346031904841973,0
GALNT2,0.19303796337207757,1
ARMCX2,-0.1956108956000589,0
IFT46,-0.47669648586629343,0
CDCP1,-1.1354890632246377,0
BZW2,-0.01765437650639967,0
LIN7A,-0.3333914120996681,0
TSPAN6,-0.6363105613977336,0
ZNF804A,-1.1462234966445317,0
RHCG,-0.9181469341538708,0
TRIB1,-0.962902584940811,0
DISC1,-0.9248491404403602,0
AFAP1L1,-0.3460612287330047,0
POLR3GL,0.4081645995255698,1
PPARGC1A,-0.6672516793776264,0
PDGFRB,-1.0293466305282228,0
FOXL2,-0.2674843332890875,0
ACSS3,0.0,0
GLIPR1,-3.889962896420927,0
ITPR3,-1.4715574641281286,0
SERPINB9P1,0.7396235623835457,1
ZNF365,-1.233395958047054,0
DEPTOR,-0.9979820646285624,0
SETBP1,-0.012704333586377126,0
AIM1,-1.0283722043952235,0
ARPIN,-0.681504072808421,0
NABP1,0.938199480991929,1
WDFY2,-0.32239697506165665,0
FOXD1,0.5456966226942637,1
MB,-3.9346044036782493,0
IL17RE,-0.9640926801675573,0
GTF3C6,-1.6989347423973804,0
TNFRSF19,0.5051393296632107,1
MME,-1.6028729824055776,0
C16orf52,-0.7229366426702093,0
B3GALT5,0.0,0
CCDC152,-0.19555540761127488,0
MAGEA12,0.19474880347821572,1
ISPD,-1.742271673013549,0
RBMS3-AS3,-1.498025195363859,0
SLIT3,-1.3978288308143467,0
FRMD6,-0.04696682636861382,0
FAM107B,0.06041338712756872,1
MICALCL,-0.9694573158206524,0
ZNF214,-1.4324327685837996,0
LAT2,-1.7663318225640747,0
LINC00638,0.1529772583237854,1
ELOVL2,-0.7914107551577487,0
LOC284950,-0.8621412708080005,0
LOC389332,-0.19542782549533888,0
LIF,-2.6869223476903077,0
LOC100507002,-1.150568272298091,0
KL,-1.4408838518479337,0
LOC101927692,-1.000228411164881,0
MANSC1,-1.1028935297918707,0
S100A4,-0.15179547133883098,0
ZEB2,-2.1259310486407874,0
ABCG2,-1.5955413683966082,0
ADGRF1,0.0,0
GALNT5,-0.33354057686600574,0
PPARG,-0.5625230839129394,0
BMP4,0.0,0
SCG2,-2.6049493774847745,0
MAGEA9,1.1944075526235554,1
MOSPD1,-0.25550162084465455,0
SLC25A42,-0.7293440497564916,0
ACTR3C,-0.7578122719423024,0
HMX2,-1.3145216005462235,0
RGS3,-1.4707146269187774,0
LONRF3,-0.7930230753293008,0
ADAM22,0.46770870676877685,1
TXNIP,1.761008867899431,1
LINC00704,0.0,0
GPR173,-2.1080714636651066,0
SLC18B1,-1.6452861913064374,0
AMIGO2,-1.3466286747580565,0
PLEK2,-0.29871902619113655,0
HPSE,-0.9595483081094534,0
FAM27B,-1.1228341623245806,0
CLMP,-3.0518184042163217,0
LINC00341,-2.892329754722413,0
ZNF519,-0.275476706610263,0
ZNF619,0.5098568272174147,1
AQP3,-0.3190581926032916,0
LINC01305,-1.0004636551561836,0
THRB,-2.161314805527244,0
FAM196B,-3.4562273769819054,0
XIRP2,0.0,0
FGFBP1,0.0,0
FEZ2,-0.5584070033971873,0
CYP39A1,1.364824984384505e-05,1
SSTR5,-2.916235318938935,0
CCDC80,1.4216427652351138,1
KAT2B,0.48085443600622213,1
HOXA3,-0.7865677161549671,0
SNCB,-0.2348204354513559,0
LOC102724312,-1.2939790175531325,0
XKRX,-0.862012070039271,0
NRP1,-1.2834300882523504,0
CD34,-1.3904236331599085,0
BEST4,-1.1953110258111632,0
MGST1,0.07413566631982027,1
ETV4,-2.2873532359883795,0
ZNF22,0.6940292630739648,1
CD69,-0.6670093897959031,0
CIRBP,1.8565340592747628,1
VGLL3,-0.19568550738477475,0
SOX4,-0.8339622462263812,0
SHC3,1.302301109681698,1
SIGLEC15,-0.5283690492484358,0
WNT16,0.0,0
CPEB2,-0.6607721030910527,0
CTSH,-1.421758809787005,0
TM4SF4,-0.5281807780128723,0
HPGD,-1.0791480032952514,0
KPNA7,-1.8772049616827118,0
LINC00959,0.6904601479224,1
ABCA10,-0.6668446039817439,0
DAB2,-1.1701040972264884,0
TRDMT1,-0.2868848177654364,0
CLVS2,-1.3884987636730641,0
CAV1,-0.5402114840561154,0
CDC42EP3,-0.16998367854139573,0
PRKG1,5.13701221930285e-05,1
GPX7,-0.4104498190135599,0
SUCLG2-AS1,-0.7973987785676684,0
LINC01444,-0.5274073474475052,0
TCF4,-2.633186569969854,0
MAN1B1-AS1,1.1427000433521592,1
SOCS6,-0.8686110180385711,0
CARD6,-2.88509677539587,0
CREB3L3,-1.0449558647945603,0
PPP2R2B,-1.2860035733112585,0
BDH2,-1.4513112626873816,0
MACROD1,0.11131808060333537,1
PALM3,-1.5979803779251318,0
SLC22A18AS,-2.105854992929058,0
GSTO2,-2.50034867387852,0
ELMOD1,-0.43620661209327816,0
AGMAT,-0.8478139544968908,0
ZMIZ1-AS1,-1.2502621268872842,0
MRGPRF,-2.0768079659437984,0
L3MBTL3,-0.48957211187463034,0
FBXO4,-0.6867338843372988,0
GJB6,-0.9092107914726149,0
UACA,-0.11050558589240111,0
SCEL,0.0,0
RGS2,0.9732267290654386,1
FAM46A,2.1134546806902934,1
SBK3,-1.7900041468628816,0
TCEAL1,-0.40801168802887755,0
HMGB3,-0.16195554378477617,0
RBP4,-1.213726465772684,0
ANXA1,-0.5208054658430754,0
SORBS2,-2.643707172246202,0
CSGALNACT1,-3.8830485215974915,0
PTGER2,-0.8615567029078054,0
GNG2,-2.906888609012937,0
MUC5AC,-1.3339775878046893,0
PLA2G4A,0.13814842125015525,1
HEIH,-0.5157270818987989,0
CADPS2,-0.08465196773476702,0
VIPR1,-0.9925763319404537,0
MORF4L2,0.02497858783945972,1
OSBPL7,-2.3163086640826354,0
PAPSS2,-0.6642380121206335,0
NIPAL4,-0.6682303842475505,0
HCG4B,-0.03154395857494441,0
CAPN2,-1.0098907568055981,0
TMEM100,-0.00017659627094879227,0
LIPG,-4.698869689941637,0
LENG9,-0.13844497319007498,0
SLC22A1,0.07723539502509547,1
ETV1,-1.7725238160559549,0
PRSS33,-2.543406038026696,0
RUNX2,-1.7721454181648637,0
SDPR,-0.7238607871386737,0
PTHLH,0.7743127429147609,1
PRSS3,-0.27034416807310024,0
LRP8,0.05310520143937225,1
HOOK1,-2.071981559039749,0
PRR16,-0.7383749125930015,0
CA13,-0.16950470323558964,0
CCDC88B,-1.26634950415251,0
CPT1C,-2.0156460316140032,0
DHRS9,-2.9481902655576224,0
TNFSF15,-0.5332594800935886,0
USP2-AS1,-0.3671539106391828,0
FAM101A,0.0,0
MRVI1,-0.31821705890822954,0
PAX5,-3.9693182384362284,0
DAW1,-0.24622999060492112,0
RGS11,-3.6380329325281524,0
LOC101928841,-1.2732643680545213,0
SLC51B,-2.1309316348235887,0
DGUOK-AS1,-0.10602744138069742,0
PKP1,-0.9694649566909546,0
BCAN,-2.3407261796811056,0
PRSS22,-4.035048377652091,0
CXCL5,-2.2036273205877634,0
TNNI3,-2.578585240722327,0
TNFSF9,1.35013046990517,1
LINC00941,-1.4362286777966111,0
NRG1,-1.3322448087324386,0
NR4A2,0.16498755623037065,1
FBLIM1,-3.442114006133033,0
GATA6,-0.035596377116974054,0
GGT7,-0.03234428379854393,0
KRT7,-2.9571582952224293,0
ZNF426,-0.12164424378111072,0
ICA1,-0.8464517145621144,0
ANK3,-0.8584032635775898,0
B3GALT5-AS1,-0.8624352482050112,0
CCDC141,0.0,0
LINC00669,-0.396147257466716,0
PAGE1,-1.5296382473044443,0
SENCR,-0.666403781644994,0
PDK4,-1.2054505655047685,0
KIAA1024,-0.9633997614188035,0
MARCH4,-2.2649046786307703,0
NMB,-0.5201766029846695,0
PCDHGB2,-1.8740281178657021,0
PPP1R1C,-2.0192101517456638,0
KLF3-AS1,-0.3905298398397279,0
TENM4,-1.9052608469378423,0
FLG-AS1,-1.132796263889503,0
FAM24B,-0.4773522187785737,0
APOBEC3B,-0.9728188502480615,0
CALB2,-2.035534731722921,0
LDLRAD1,-1.0120552667069962,0
SHANK2,-2.1824436027358645,0
FAS,-0.6546763107528522,0
B3GNT6,-1.6030622312244047,0
FAR2,-2.4168962268747336,0
HECW2,-1.0576695883096257,0
KIAA1683,-0.4758569467592082,0
NCMAP,-2.3092345629887636,0
ARHGAP22,-1.5554162244758718,0
HHIP,0.0,0
CYP2A7,0.0,0
SLCO2A1,0.2748259405960143,1
PHYHIP,-1.00027117314351,0
BGN,-0.08838530820732515,0
DPYD,0.7736797516447851,1
ARL14,-1.8771636642704135,0
GPM6B,-0.2166630850002944,0
CCDC116,1.5849253826743523,1
LOC101928794,0.0,0
ZNHIT6,0.0409754792281678,1
RP1L1,0.24497148782658007,1
SH3BGRL2,-1.5687931006303684,0
SH3TC2,-1.1076692454590862,0
LOC100049716,-0.06925044291685545,0
ADAM12,0.0,0
FAM127C,0.21397514622576352,1
SPTB,-0.947154025840974,0
MYO1B,0.12058703215720712,1
NAGS,-1.0007566653248947,0
RAC2,-2.2055650474671493,0
BDNF,-1.2897164122749176,0
ANKLE1,-1.3828570745546473,0
OR7E14P,-1.3552753659820413,0
ALOXE3,-0.11085838867852793,0
NCAM1,0.8003710518647149,1
SHROOM4,-2.1028047254554183,0
CHST7,-0.06005849419046427,0
LOC389602,-0.13876274594520854,0
DOCK2,-1.4645512915677061,0
KCNJ2,0.026653920391138453,1
PLSCR4,-0.12669036110524612,0
CORO2B,-2.092340117477953,0
NOS1,0.4626817416629685,1
RGMB,-0.11192069644138058,0
ESPNL,-3.065191467003179,0
ABCA4,-1.6869387202983122,0
C4orf22,0.0,0
UNC5CL,-1.529200444297068,0
AVPR2,-4.1713652614470975,0
C1QTNF3-AMACR,-1.431052238387418,0
ZNF385D,-0.7711658670513266,0
ITGA11,-1.2521554000724409,0
ZNF717,-0.949423817177836,0
MAPK13,-3.6168052654824083,0
TMEM92,-3.046683130438761,0
GPRASP1,-0.5566072830351141,0
SLC12A8,-2.3306699766938666,0
CCDC169,0.28825561249866816,1
C10orf90,-1.0569400194307403,0
PID1,-1.7109070609609063,0
POM121L9P,0.0,0
ISM2,-1.0649597206986097,0
HOXC13-AS,0.13352413879648317,1
MAGEA6,0.12030252618066628,1
LOC101929555,-1.3339294450852388,0
AMOT,-1.2985690958703602,0
ENOX1,-1.4467473657876533,0
BRSK1,-3.110422726485398,0
SLC44A4,-1.5285422597098783,0
PLCXD3,0.0,0
LVCAT1,-1.88694242428963,0
SLC6A2,-0.5498001760408274,0
TLL1,-0.3143883516871267,0
CSAG1,-0.3327238547922975,0
MEG9,0.1298977576247946,1
PTCHD1,-2.446168242360914,0
CNRIP1,-1.501899978709536,0
ATP6V1B1-AS1,-0.696986274087301,0
CDH11,-0.3332652507279429,0
SLC16A14,-2.1003438833326866,0
KLF1,-0.0001809607296412996,0
C7orf57,-0.8200186936131639,0
SNURF,0.23188426266393414,1
PKI55,-1.053274535899713,0
HCAR1,-0.5286382322757582,0
TENM1,0.33330669384696715,1
RGN,-3.4313695217518316,0
GLRX,-0.3780699671869918,0
FAM13A,-0.13530747108097696,0
ZNF503,-1.250917156237322,0
LOC100129617,1.3899325204935111,1
TMEM139,0.6125491859219907,1
MATN3,-2.7603729597486755,0
TBXAS1,-0.7872750970625775,0
EPHA3,-1.390621972700735,0
KCNF1,-3.1745105941119602,0
PCDHB9,-1.7893747924670316,0
LY6K,-1.5504190526482826,0
FRK,-2.2141888237225844,0
LINC00607,0.0,0
LOC103091866,-0.31097601674030084,0
LINC01391,-0.7745851857546522,0
LPAR3,0.028985088619794652,1
KLHL14,-1.677332858752859,0
CA3,-0.00025783590352973507,0
PCDHGA6,-1.8725259258915616,0
HPDL,-0.45647048561484294,0
SYT13,-1.0006803182397321,0
SLC8A1,-0.6715741408579441,0
MUC12,-2.85088127279096,0
DIO3OS,-2.3029750321778324,0
MAGED4B,-4.357409032568547,0
HMGN5,-0.5275041987368523,0
RPS10-NUDT3,0.0,0
NOTCH4,-1.8857022343289471,0
GJB3,-0.19782441065850048,0
POC1B-GALNT4,-1.7880298812530682,0
CXCL1,-4.775914543984163,0
LOC644172,-0.7846459819066636,0
LOC100507642,-1.1647893943849588,0
ZG16B,-2.658390889987597,0
LINC00460,-0.5293861818219425,0
CPB2-AS1,1.1980066619174103,1
LOC728673,-0.05813651750545645,0
ZIC4,-0.8802775039042631,0
PTBP2,-0.8937580122222526,0
HK2,-1.480411804436181,0
ZNF582,-0.22945103703898617,0
C17orf104,-2.1194213417672687,0
CDH6,-1.7240484893456884,0
PER2,-0.9862689833881584,0
NHLRC4,-0.9422635262652235,0
LOC100288798,-0.27419662070744,0
KIAA1324,-0.7556545941000186,0
FSTL4,-0.9893098216019518,0
